createdAt,finishedAt,task,status,message,days,maxItems,limitInfluencers,skipInfluencers,platformFilter,usageUsd,scraped,matched,videoCreated,videoSkipped,snapshotCreated
2026-08-10T03:14:31.391Z,2026-08-10T03:16:00.679Z,本地新视频发现,success,处理 5 位，新增视频 4 条，跳过重复 0 条，错误 0 个。,8,20,20,0,tiktok,0.124,100,4,4,0,4
2026-08-10T03:12:31.353Z,2026-08-10T03:14:31.284Z,本地新视频发现,success,处理 4 位，新增视频 7 条，跳过重复 0 条，错误 0 个。,8,20,19,0,tiktok,0.123,80,7,7,0,7
2026-08-10T03:11:35.089Z,2026-08-10T03:12:31.227Z,本地新视频发现,success,处理 2 位，新增视频 0 条，跳过重复 0 条，错误 0 个。,8,20,17,0,tiktok,0.062,40,0,0,0,0
2026-08-10T03:10:15.770Z,2026-08-10T03:11:34.977Z,本地新视频发现,success,处理 4 位，新增视频 0 条，跳过重复 0 条，错误 0 个。,8,20,19,0,tiktok,0.184,80,0,0,0,0
2026-08-10T03:08:36.292Z,2026-08-10T03:10:15.659Z,本地新视频发现,success,处理 5 位，新增视频 0 条，跳过重复 0 条，错误 0 个。,8,20,20,0,tiktok,0.272,89,0,0,0,0
2026-08-10T03:04:19.848Z,2026-08-10T03:08:06.070Z,本地新视频发现,success,处理 5 位，新增视频 1 条，跳过重复 0 条，错误 0 个。,8,20,20,0,tiktok,0.185,100,1,1,0,1
2026-08-10T03:04:03.128Z,2026-08-10T03:04:03.164Z,本地新视频发现,success,处理 0 位，新增视频 0 条，跳过重复 0 条，错误 0 个。,8,20,15,0,instagramreels,0,0,0,0,0,0
2026-08-10T03:04:03.068Z,2026-08-10T03:04:03.101Z,本地新视频发现,success,处理 0 位，新增视频 0 条，跳过重复 0 条，错误 0 个。,8,20,15,0,instagramreels,0,0,0,0,0,0
2026-08-10T03:04:03.006Z,2026-08-10T03:04:03.044Z,本地新视频发现,success,处理 0 位，新增视频 0 条，跳过重复 0 条，错误 0 个。,8,20,15,0,instagramreels,0,0,0,0,0,0
2026-08-10T03:04:02.923Z,2026-08-10T03:04:02.980Z,本地新视频发现,success,处理 0 位，新增视频 0 条，跳过重复 0 条，错误 0 个。,8,20,15,0,instagramreels,0,0,0,0,0,0
2026-08-10T03:02:46.419Z,2026-08-10T03:04:02.862Z,本地新视频发现,success,处理 4 位，新增视频 1 条，跳过重复 1 条，错误 0 个。,8,20,19,0,instagramreels,0.0063,12,2,1,1,1
2026-08-10T03:00:32.500Z,2026-08-10T03:02:46.335Z,本地新视频发现,success,处理 5 位，新增视频 3 条，跳过重复 0 条，错误 0 个。,8,20,20,0,instagramreels,0.0096,15,3,3,0,3
2026-08-10T02:59:42.839Z,2026-08-10T03:00:32.429Z,本地新视频发现,success,处理 2 位，新增视频 3 条，跳过重复 0 条，错误 0 个。,8,20,17,0,instagramreels,0.0066,11,3,3,0,3
2026-08-10T02:58:39.715Z,2026-08-10T02:59:42.770Z,本地新视频发现,success,处理 3 位，新增视频 14 条，跳过重复 0 条，错误 0 个。,8,20,18,0,instagramreels,0.0536,38,14,14,0,14
2026-08-10T02:56:23.577Z,2026-08-10T02:58:39.656Z,本地新视频发现,success,处理 6 位，新增视频 1 条，跳过重复 0 条，错误 0 个。,8,20,21,0,instagramreels,0.0198,27,1,1,0,1
2026-08-10T02:54:41.103Z,2026-08-10T02:56:23.470Z,本地新视频发现,success,处理 5 位，新增视频 1 条，跳过重复 0 条，错误 0 个。,8,20,20,0,instagramreels,0.005,9,1,1,0,1
2026-08-10T02:54:41.039Z,2026-08-10T02:54:41.079Z,本地新视频发现,success,处理 0 位，新增视频 0 条，跳过重复 0 条，错误 0 个。,8,20,15,0,instagramreels,0,0,0,0,0,0
2026-08-10T02:54:40.970Z,2026-08-10T02:54:41.016Z,本地新视频发现,success,处理 0 位，新增视频 0 条，跳过重复 0 条，错误 0 个。,8,20,15,0,instagramreels,0,0,0,0,0,0
2026-08-10T02:51:59.408Z,2026-08-10T02:54:40.906Z,本地新视频发现,success,处理 5 位，新增视频 2 条，跳过重复 0 条，错误 0 个。,8,20,20,0,instagramreels,0.027,17,2,2,0,2
2026-08-10T02:49:06.477Z,2026-08-10T02:51:59.353Z,本地新视频发现,success,处理 6 位，新增视频 0 条，跳过重复 0 条，错误 0 个。,8,20,21,0,instagramreels,0.0336,24,0,0,0,0
2026-08-10T02:47:08.053Z,2026-08-10T02:49:06.406Z,本地新视频发现,success,处理 5 位，新增视频 0 条，跳过重复 0 条，错误 0 个。,8,20,20,0,instagramreels,0.0454,30,0,0,0,0
2026-08-10T02:40:38.720Z,2026-08-10T02:46:57.317Z,本地新视频发现,partial,处理 5 位，新增视频 0 条，跳过重复 0 条，错误 1 个。,8,20,20,0,instagramreels,0.0109,17,0,0,0,0
2026-08-10T02:38:38.174Z,2026-08-10T02:40:38.655Z,本地新视频发现,success,处理 5 位，新增视频 2 条，跳过重复 0 条，错误 0 个。,8,20,20,0,instagramreels,0.0119,10,2,2,0,2
2026-08-10T02:36:43.013Z,2026-08-10T02:38:38.115Z,本地新视频发现,success,处理 5 位，新增视频 0 条，跳过重复 0 条，错误 0 个。,8,20,20,0,instagramreels,0.0211,13,0,0,0,0
2026-08-10T02:34:55.862Z,2026-08-10T02:36:42.949Z,本地新视频发现,success,处理 5 位，新增视频 0 条，跳过重复 0 条，错误 0 个。,8,20,20,0,instagramreels,0.0132,9,0,0,0,0
2026-08-10T02:33:28.911Z,2026-08-10T02:34:55.777Z,本地新视频发现,success,处理 5 位，新增视频 1 条，跳过重复 0 条，错误 0 个。,8,20,20,0,instagramreels,0.005,5,1,1,0,1
2026-08-10T02:31:03.788Z,2026-08-10T02:33:28.847Z,本地新视频发现,success,处理 5 位，新增视频 2 条，跳过重复 0 条，错误 0 个。,8,20,20,0,instagramreels,0.0372,20,2,2,0,2
2026-08-10T02:28:31.208Z,2026-08-10T02:31:03.725Z,本地新视频发现,success,处理 5 位，新增视频 0 条，跳过重复 0 条，错误 0 个。,8,20,20,0,instagramreels,0.0211,19,0,0,0,0
2026-08-10T02:26:37.282Z,2026-08-10T02:28:31.150Z,本地新视频发现,success,处理 5 位，新增视频 0 条，跳过重复 0 条，错误 0 个。,8,20,20,0,instagramreels,0.0362,25,0,0,0,0
2026-08-10T02:24:40.467Z,2026-08-10T02:26:37.216Z,本地新视频发现,success,处理 5 位，新增视频 0 条，跳过重复 0 条，错误 0 个。,8,20,20,0,instagramreels,0.0257,22,0,0,0,0
2026-08-10T02:23:09.105Z,2026-08-10T02:24:40.399Z,本地新视频发现,success,处理 5 位，新增视频 0 条，跳过重复 0 条，错误 0 个。,8,20,20,0,instagramreels,0.005,9,0,0,0,0
2026-08-10T02:21:19.114Z,2026-08-10T02:23:09.044Z,本地新视频发现,success,处理 5 位，新增视频 0 条，跳过重复 0 条，错误 0 个。,8,20,20,0,instagramreels,0.004,7,0,0,0,0
2026-08-10T02:19:37.078Z,2026-08-10T02:21:19.047Z,本地新视频发现,success,处理 5 位，新增视频 0 条，跳过重复 0 条，错误 0 个。,8,20,20,0,instagramreels,0.0073,7,0,0,0,0
2026-08-10T02:17:30.756Z,2026-08-10T02:19:37.017Z,本地新视频发现,success,处理 5 位，新增视频 0 条，跳过重复 0 条，错误 0 个。,8,20,20,0,instagramreels,0.0142,12,0,0,0,0
2026-08-10T02:15:13.679Z,2026-08-10T02:17:30.694Z,本地新视频发现,success,处理 5 位，新增视频 0 条，跳过重复 0 条，错误 0 个。,8,20,20,0,instagramreels,0.004,5,0,0,0,0
2026-08-10T02:12:57.655Z,2026-08-10T02:15:13.621Z,本地新视频发现,success,处理 5 位，新增视频 0 条，跳过重复 0 条，错误 0 个。,8,20,21,0,instagramreels,0.0224,19,0,0,0,0
2026-08-10T02:12:57.572Z,2026-08-10T02:12:57.628Z,本地新视频发现,success,处理 0 位，新增视频 0 条，跳过重复 0 条，错误 0 个。,8,20,12,0,youtubeshort,0,0,0,0,0,0
2026-08-10T02:12:39.622Z,2026-08-10T02:12:57.515Z,本地新视频发现,success,处理 1 位，新增视频 1 条，跳过重复 0 条，错误 0 个。,8,20,16,0,youtubeshort,0,2,1,1,0,1
2026-08-10T02:09:28.684Z,2026-08-10T02:12:39.566Z,本地新视频发现,success,处理 4 位，新增视频 2 条，跳过重复 0 条，错误 0 个。,8,20,19,0,youtubeshort,0.028,13,2,2,0,2
2026-08-10T02:07:42.880Z,2026-08-10T02:09:28.625Z,本地新视频发现,success,处理 5 位，新增视频 0 条，跳过重复 0 条，错误 0 个。,8,20,20,0,youtubeshort,0.028,15,0,0,0,0
2026-08-10T02:04:41.411Z,2026-08-10T02:07:42.815Z,本地新视频发现,success,处理 4 位，新增视频 0 条，跳过重复 0 条，错误 0 个。,8,20,19,0,youtubeshort,0.036,12,0,0,0,0
2026-08-10T02:02:41.391Z,2026-08-10T02:04:41.352Z,本地新视频发现,success,处理 5 位，新增视频 0 条，跳过重复 0 条，错误 0 个。,8,20,20,0,youtubeshort,0,5,0,0,0,0
2026-08-10T01:58:47.054Z,2026-08-10T02:02:41.333Z,本地新视频发现,success,处理 5 位，新增视频 1 条，跳过重复 0 条，错误 0 个。,8,20,20,0,youtubeshort,0.048,17,1,1,0,1
2026-08-10T01:56:04.595Z,2026-08-10T01:58:46.988Z,本地新视频发现,success,处理 5 位，新增视频 0 条，跳过重复 0 条，错误 0 个。,8,20,20,0,youtubeshort,0.019,10,0,0,0,0
2026-08-10T01:53:53.964Z,2026-08-10T01:56:04.492Z,本地新视频发现,success,处理 5 位，新增视频 0 条，跳过重复 0 条，错误 0 个。,8,20,20,0,youtubeshort,0,5,0,0,0,0
2026-08-10T01:53:53.896Z,2026-08-10T01:53:53.937Z,本地新视频发现,success,处理 0 位，新增视频 0 条，跳过重复 0 条，错误 0 个。,8,7,13,0,youtubevideo,0,0,0,0,0,0
2026-08-10T01:53:53.815Z,2026-08-10T01:53:53.870Z,本地新视频发现,success,处理 0 位，新增视频 0 条，跳过重复 0 条，错误 0 个。,8,7,15,0,youtubevideo,0,0,0,0,0,0
2026-08-10T01:53:01.698Z,2026-08-10T01:53:53.748Z,本地新视频发现,success,处理 4 位，新增视频 0 条，跳过重复 0 条，错误 0 个。,8,7,19,0,youtubevideo,0,4,0,0,0,0
2026-08-10T01:51:28.454Z,2026-08-10T01:53:01.629Z,本地新视频发现,success,处理 3 位，新增视频 1 条，跳过重复 0 条，错误 0 个。,8,7,18,0,youtubevideo,0.004,5,1,1,0,1
2026-08-10T01:49:40.292Z,2026-08-10T01:51:28.399Z,本地新视频发现,success,处理 4 位，新增视频 0 条，跳过重复 0 条，错误 0 个。,8,7,19,0,youtubevideo,0.004,5,0,0,0,0
2026-08-10T01:49:40.179Z,2026-08-10T01:49:40.261Z,本地新视频发现,success,处理 0 位，新增视频 0 条，跳过重复 0 条，错误 0 个。,8,7,15,0,youtubevideo,0,0,0,0,0,0
2026-08-10T01:48:35.957Z,2026-08-10T01:49:40.115Z,本地新视频发现,success,处理 3 位，新增视频 1 条，跳过重复 0 条，错误 0 个。,8,7,18,0,youtubevideo,0,3,1,1,0,1
2026-08-10T01:47:42.831Z,2026-08-10T01:48:35.876Z,本地新视频发现,success,处理 5 位，新增视频 0 条，跳过重复 0 条，错误 0 个。,8,7,20,0,youtubevideo,0,5,0,0,0,0
2026-08-10T01:45:27.767Z,2026-08-10T01:47:42.760Z,本地新视频发现,success,处理 6 位，新增视频 0 条，跳过重复 0 条，错误 0 个。,8,7,21,0,youtubevideo,0,6,0,0,0,0
2026-08-10T01:43:29.747Z,2026-08-10T01:45:27.703Z,本地新视频发现,success,处理 5 位，新增视频 1 条，跳过重复 0 条，错误 0 个。,8,7,20,0,youtubevideo,0,6,1,1,0,1
2026-08-10T01:42:00.910Z,2026-08-10T01:43:29.672Z,本地新视频发现,success,处理 5 位，新增视频 0 条，跳过重复 0 条，错误 0 个。,8,7,20,0,youtubevideo,0,6,0,0,0,0
2026-08-10T01:40:25.725Z,2026-08-10T01:42:00.821Z,本地新视频发现,success,处理 5 位，新增视频 0 条，跳过重复 0 条，错误 0 个。,8,7,20,0,youtubevideo,0.008,6,0,0,0,0
2026-08-10T01:38:09.345Z,2026-08-10T01:40:25.656Z,本地新视频发现,success,处理 5 位，新增视频 0 条，跳过重复 0 条，错误 0 个。,8,7,20,0,youtubevideo,0.003,5,0,0,0,0
2026-08-10T01:34:42.419Z,2026-08-10T01:37:33.164Z,本地新视频发现,success,处理 5 位，新增视频 0 条，跳过重复 0 条，错误 0 个。,8,20,21,0,instagramreels,0.028,19,0,0,0,0
2026-08-10T01:30:42.807Z,2026-08-10T01:30:42.839Z,本地新视频发现,success,处理 0 位，新增视频 0 条，跳过重复 0 条，错误 0 个。,8,20,15,0,instagramreels,0,0,0,0,0,0
2026-08-10T01:30:42.749Z,2026-08-10T01:30:42.781Z,本地新视频发现,success,处理 0 位，新增视频 0 条，跳过重复 0 条，错误 0 个。,8,20,15,0,instagramreels,0,0,0,0,0,0
2026-08-10T01:30:42.684Z,2026-08-10T01:30:42.726Z,本地新视频发现,success,处理 0 位，新增视频 0 条，跳过重复 0 条，错误 0 个。,8,20,15,0,instagramreels,0,0,0,0,0,0
2026-08-10T01:30:42.628Z,2026-08-10T01:30:42.662Z,本地新视频发现,success,处理 0 位，新增视频 0 条，跳过重复 0 条，错误 0 个。,8,20,15,0,instagramreels,0,0,0,0,0,0
2026-08-10T01:30:42.574Z,2026-08-10T01:30:42.606Z,本地新视频发现,success,处理 0 位，新增视频 0 条，跳过重复 0 条，错误 0 个。,8,20,15,0,instagramreels,0,0,0,0,0,0
2026-08-10T01:30:42.516Z,2026-08-10T01:30:42.549Z,本地新视频发现,success,处理 0 位，新增视频 0 条，跳过重复 0 条，错误 0 个。,8,20,15,0,instagramreels,0,0,0,0,0,0
2026-08-10T01:30:42.455Z,2026-08-10T01:30:42.490Z,本地新视频发现,success,处理 0 位，新增视频 0 条，跳过重复 0 条，错误 0 个。,8,20,15,0,instagramreels,0,0,0,0,0,0
2026-08-10T01:30:42.398Z,2026-08-10T01:30:42.432Z,本地新视频发现,success,处理 0 位，新增视频 0 条，跳过重复 0 条，错误 0 个。,8,20,15,0,instagramreels,0,0,0,0,0,0
2026-08-10T01:30:42.342Z,2026-08-10T01:30:42.375Z,本地新视频发现,success,处理 0 位，新增视频 0 条，跳过重复 0 条，错误 0 个。,8,20,15,0,instagramreels,0,0,0,0,0,0
2026-08-10T01:30:42.285Z,2026-08-10T01:30:42.318Z,本地新视频发现,success,处理 0 位，新增视频 0 条，跳过重复 0 条，错误 0 个。,8,20,15,0,instagramreels,0,0,0,0,0,0
2026-08-10T01:30:42.227Z,2026-08-10T01:30:42.262Z,本地新视频发现,success,处理 0 位，新增视频 0 条，跳过重复 0 条，错误 0 个。,8,20,15,0,instagramreels,0,0,0,0,0,0
2026-08-10T01:30:42.170Z,2026-08-10T01:30:42.204Z,本地新视频发现,success,处理 0 位，新增视频 0 条，跳过重复 0 条，错误 0 个。,8,20,15,0,instagramreels,0,0,0,0,0,0
2026-08-10T01:30:42.115Z,2026-08-10T01:30:42.148Z,本地新视频发现,success,处理 0 位，新增视频 0 条，跳过重复 0 条，错误 0 个。,8,20,15,0,instagramreels,0,0,0,0,0,0
2026-08-10T01:30:42.057Z,2026-08-10T01:30:42.090Z,本地新视频发现,success,处理 0 位，新增视频 0 条，跳过重复 0 条，错误 0 个。,8,20,15,0,instagramreels,0,0,0,0,0,0
2026-08-10T01:30:42.000Z,2026-08-10T01:30:42.034Z,本地新视频发现,success,处理 0 位，新增视频 0 条，跳过重复 0 条，错误 0 个。,8,20,15,0,instagramreels,0,0,0,0,0,0
2026-08-10T01:30:41.943Z,2026-08-10T01:30:41.977Z,本地新视频发现,success,处理 0 位，新增视频 0 条，跳过重复 0 条，错误 0 个。,8,20,15,0,instagramreels,0,0,0,0,0,0
2026-08-10T01:30:41.886Z,2026-08-10T01:30:41.920Z,本地新视频发现,success,处理 0 位，新增视频 0 条，跳过重复 0 条，错误 0 个。,8,20,15,0,instagramreels,0,0,0,0,0,0
2026-08-10T01:30:41.831Z,2026-08-10T01:30:41.864Z,本地新视频发现,success,处理 0 位，新增视频 0 条，跳过重复 0 条，错误 0 个。,8,20,15,0,instagramreels,0,0,0,0,0,0
2026-08-10T01:30:41.759Z,2026-08-10T01:30:41.802Z,本地新视频发现,success,处理 0 位，新增视频 0 条，跳过重复 0 条，错误 0 个。,8,20,15,0,instagramreels,0,0,0,0,0,0
2026-08-10T01:30:41.699Z,2026-08-10T01:30:41.732Z,本地新视频发现,success,处理 0 位，新增视频 0 条，跳过重复 0 条，错误 0 个。,8,20,15,0,instagramreels,0,0,0,0,0,0
2026-08-10T01:30:41.643Z,2026-08-10T01:30:41.675Z,本地新视频发现,success,处理 0 位，新增视频 0 条，跳过重复 0 条，错误 0 个。,8,20,15,0,instagramreels,0,0,0,0,0,0
2026-08-10T01:30:41.586Z,2026-08-10T01:30:41.619Z,本地新视频发现,success,处理 0 位，新增视频 0 条，跳过重复 0 条，错误 0 个。,8,20,15,0,instagramreels,0,0,0,0,0,0
2026-08-10T01:30:41.522Z,2026-08-10T01:30:41.557Z,本地新视频发现,success,处理 0 位，新增视频 0 条，跳过重复 0 条，错误 0 个。,8,20,15,0,instagramreels,0,0,0,0,0,0
2026-08-10T01:30:41.465Z,2026-08-10T01:30:41.499Z,本地新视频发现,success,处理 0 位，新增视频 0 条，跳过重复 0 条，错误 0 个。,8,20,15,0,instagramreels,0,0,0,0,0,0
2026-08-10T01:30:41.410Z,2026-08-10T01:30:41.443Z,本地新视频发现,success,处理 0 位，新增视频 0 条，跳过重复 0 条，错误 0 个。,8,20,15,0,instagramreels,0,0,0,0,0,0
2026-08-10T01:30:41.348Z,2026-08-10T01:30:41.381Z,本地新视频发现,success,处理 0 位，新增视频 0 条，跳过重复 0 条，错误 0 个。,8,20,15,0,instagramreels,0,0,0,0,0,0
2026-08-10T01:30:41.292Z,2026-08-10T01:30:41.325Z,本地新视频发现,success,处理 0 位，新增视频 0 条，跳过重复 0 条，错误 0 个。,8,20,15,0,instagramreels,0,0,0,0,0,0
2026-08-10T01:30:41.234Z,2026-08-10T01:30:41.269Z,本地新视频发现,success,处理 0 位，新增视频 0 条，跳过重复 0 条，错误 0 个。,8,20,15,0,instagramreels,0,0,0,0,0,0
2026-08-10T01:30:41.175Z,2026-08-10T01:30:41.211Z,本地新视频发现,success,处理 0 位，新增视频 0 条，跳过重复 0 条，错误 0 个。,8,20,15,0,instagramreels,0,0,0,0,0,0
2026-08-10T01:30:41.117Z,2026-08-10T01:30:41.153Z,本地新视频发现,success,处理 0 位，新增视频 0 条，跳过重复 0 条，错误 0 个。,8,20,12,0,youtubeshort,0,0,0,0,0,0
2026-08-10T01:30:41.059Z,2026-08-10T01:30:41.093Z,本地新视频发现,success,处理 0 位，新增视频 0 条，跳过重复 0 条，错误 0 个。,8,20,15,0,youtubeshort,0,0,0,0,0,0
2026-08-10T01:30:40.993Z,2026-08-10T01:30:41.036Z,本地新视频发现,success,处理 0 位，新增视频 0 条，跳过重复 0 条，错误 0 个。,8,20,15,0,youtubeshort,0,0,0,0,0,0
2026-08-10T01:30:40.932Z,2026-08-10T01:30:40.970Z,本地新视频发现,success,处理 0 位，新增视频 0 条，跳过重复 0 条，错误 0 个。,8,20,15,0,youtubeshort,0,0,0,0,0,0
2026-08-10T01:30:40.876Z,2026-08-10T01:30:40.910Z,本地新视频发现,success,处理 0 位，新增视频 0 条，跳过重复 0 条，错误 0 个。,8,20,15,0,youtubeshort,0,0,0,0,0,0
2026-08-10T01:30:40.814Z,2026-08-10T01:30:40.852Z,本地新视频发现,success,处理 0 位，新增视频 0 条，跳过重复 0 条，错误 0 个。,8,20,15,0,youtubeshort,0,0,0,0,0,0
2026-08-10T01:30:40.753Z,2026-08-10T01:30:40.791Z,本地新视频发现,success,处理 0 位，新增视频 0 条，跳过重复 0 条，错误 0 个。,8,20,15,0,youtubeshort,0,0,0,0,0,0
2026-08-10T01:30:40.659Z,2026-08-10T01:30:40.694Z,本地新视频发现,success,处理 0 位，新增视频 0 条，跳过重复 0 条，错误 0 个。,8,20,15,0,youtubeshort,0,0,0,0,0,0
2026-08-10T01:30:40.602Z,2026-08-10T01:30:40.635Z,本地新视频发现,success,处理 0 位，新增视频 0 条，跳过重复 0 条，错误 0 个。,8,20,15,0,youtubeshort,0,0,0,0,0,0
2026-08-10T01:30:40.544Z,2026-08-10T01:30:40.577Z,本地新视频发现,success,处理 0 位，新增视频 0 条，跳过重复 0 条，错误 0 个。,8,7,13,0,youtubevideo,0,0,0,0,0,0
2026-08-10T01:30:40.483Z,2026-08-10T01:30:40.522Z,本地新视频发现,success,处理 0 位，新增视频 0 条，跳过重复 0 条，错误 0 个。,8,7,15,0,youtubevideo,0,0,0,0,0,0
2026-08-10T01:30:40.410Z,2026-08-10T01:30:40.445Z,本地新视频发现,success,处理 0 位，新增视频 0 条，跳过重复 0 条，错误 0 个。,8,7,15,0,youtubevideo,0,0,0,0,0,0
2026-08-10T01:30:40.349Z,2026-08-10T01:30:40.384Z,本地新视频发现,success,处理 0 位，新增视频 0 条，跳过重复 0 条，错误 0 个。,8,7,15,0,youtubevideo,0,0,0,0,0,0
2026-08-10T01:30:40.277Z,2026-08-10T01:30:40.314Z,本地新视频发现,success,处理 0 位，新增视频 0 条，跳过重复 0 条，错误 0 个。,8,7,15,0,youtubevideo,0,0,0,0,0,0
2026-08-10T01:30:40.214Z,2026-08-10T01:30:40.251Z,本地新视频发现,success,处理 0 位，新增视频 0 条，跳过重复 0 条，错误 0 个。,8,7,15,0,youtubevideo,0,0,0,0,0,0
2026-08-10T01:30:40.154Z,2026-08-10T01:30:40.191Z,本地新视频发现,success,处理 0 位，新增视频 0 条，跳过重复 0 条，错误 0 个。,8,7,15,0,youtubevideo,0,0,0,0,0,0
2026-08-10T01:30:40.091Z,2026-08-10T01:30:40.132Z,本地新视频发现,success,处理 0 位，新增视频 0 条，跳过重复 0 条，错误 0 个。,8,7,15,0,youtubevideo,0,0,0,0,0,0
2026-08-10T01:30:40.029Z,2026-08-10T01:30:40.064Z,本地新视频发现,success,处理 0 位，新增视频 0 条，跳过重复 0 条，错误 0 个。,8,7,15,0,youtubevideo,0,0,0,0,0,0
2026-08-10T01:30:39.953Z,2026-08-10T01:30:39.992Z,本地新视频发现,success,处理 0 位，新增视频 0 条，跳过重复 0 条，错误 0 个。,8,7,15,0,youtubevideo,0,0,0,0,0,0
2026-08-10T01:30:39.864Z,2026-08-10T01:30:39.924Z,本地新视频发现,success,处理 0 位，新增视频 0 条，跳过重复 0 条，错误 0 个。,8,7,15,0,youtubevideo,0,0,0,0,0,0
2026-08-10T01:30:39.732Z,2026-08-10T01:30:39.833Z,本地新视频发现,success,处理 0 位，新增视频 0 条，跳过重复 0 条，错误 0 个。,8,7,15,0,youtubevideo,0,0,0,0,0,0
2026-08-10T01:30:39.536Z,2026-08-10T01:30:39.663Z,本地新视频发现,success,处理 0 位，新增视频 0 条，跳过重复 0 条，错误 0 个。,8,7,15,0,youtubevideo,0,0,0,0,0,0
2026-07-27T07:04:35.727Z,2026-07-27T07:04:52.208Z,本地新视频发现,success,处理 1 位，新增视频 2 条，跳过重复 0 条，错误 0 个。,7,20,11,0,tiktok,0.061,20,2,2,0,2
2026-07-27T07:03:24.761Z,2026-07-27T07:04:35.607Z,本地新视频发现,success,处理 4 位，新增视频 0 条，跳过重复 0 条，错误 0 个。,7,20,14,0,tiktok,0.183,61,0,0,0,0
2026-07-27T07:01:31.745Z,2026-07-27T07:03:24.656Z,本地新视频发现,success,处理 4 位，新增视频 0 条，跳过重复 0 条，错误 0 个。,7,20,14,0,tiktok,0.123,61,0,0,0,0
2026-07-27T06:59:52.431Z,2026-07-27T07:01:31.638Z,本地新视频发现,success,处理 4 位，新增视频 8 条，跳过重复 0 条，错误 0 个。,7,20,14,0,tiktok,0.184,80,8,8,0,8
2026-07-27T06:58:13.741Z,2026-07-27T06:59:52.303Z,本地新视频发现,success,处理 4 位，新增视频 0 条，跳过重复 0 条，错误 0 个。,7,20,14,0,tiktok,0.124,80,0,0,0,0
2026-07-27T06:56:06.611Z,2026-07-27T06:58:13.645Z,本地新视频发现,success,处理 4 位，新增视频 0 条，跳过重复 0 条，错误 0 个。,7,20,14,0,tiktok,0.184,80,0,0,0,0
2026-07-27T06:54:25.344Z,2026-07-27T06:56:06.525Z,本地新视频发现,success,处理 4 位，新增视频 0 条，跳过重复 0 条，错误 0 个。,7,20,14,0,tiktok,0.183,80,0,0,0,0
2026-07-27T06:52:45.210Z,2026-07-27T06:54:25.210Z,本地新视频发现,success,处理 4 位，新增视频 4 条，跳过重复 0 条，错误 0 个。,7,20,14,0,tiktok,0.063,61,4,4,0,4
2026-07-27T06:50:57.793Z,2026-07-27T06:52:45.066Z,本地新视频发现,success,处理 4 位，新增视频 0 条，跳过重复 0 条，错误 0 个。,7,20,14,0,tiktok,0.244,80,0,0,0,0
2026-07-27T06:49:43.529Z,2026-07-27T06:50:57.681Z,本地新视频发现,success,处理 4 位，新增视频 2 条，跳过重复 0 条，错误 0 个。,7,20,14,0,tiktok,0.168,56,2,2,0,2
2026-07-27T06:48:18.320Z,2026-07-27T06:49:43.392Z,本地新视频发现,success,处理 4 位，新增视频 0 条，跳过重复 0 条，错误 0 个。,7,20,14,0,tiktok,0.123,80,0,0,0,0
2026-07-27T06:47:12.540Z,2026-07-27T06:48:18.209Z,本地新视频发现,success,处理 4 位，新增视频 0 条，跳过重复 0 条，错误 0 个。,7,20,14,0,tiktok,0.13,62,0,0,0,0
2026-07-27T06:45:59.528Z,2026-07-27T06:47:12.440Z,本地新视频发现,success,处理 4 位，新增视频 1 条，跳过重复 0 条，错误 0 个。,7,20,14,0,tiktok,0.078,46,1,1,0,1
2026-07-27T06:45:02.519Z,2026-07-27T06:45:59.443Z,本地新视频发现,success,处理 4 位，新增视频 1 条，跳过重复 0 条，错误 0 个。,7,20,14,0,tiktok,0.022,29,1,1,0,1
2026-07-27T06:43:39.264Z,2026-07-27T06:45:02.414Z,本地新视频发现,success,处理 4 位，新增视频 0 条，跳过重复 0 条，错误 0 个。,7,20,14,0,tiktok,0.184,80,0,0,0,0
2026-07-27T06:42:15.234Z,2026-07-27T06:43:39.152Z,本地新视频发现,success,处理 4 位，新增视频 3 条，跳过重复 0 条，错误 0 个。,7,20,14,0,tiktok,0.124,80,3,3,0,3
2026-07-27T06:41:35.939Z,2026-07-27T06:42:15.140Z,本地新视频发现,success,处理 4 位，新增视频 2 条，跳过重复 0 条，错误 0 个。,7,20,14,0,tiktok,0.001,61,2,2,0,2
2026-07-27T06:40:33.102Z,2026-07-27T06:41:35.828Z,本地新视频发现,success,处理 4 位，新增视频 0 条，跳过重复 0 条，错误 0 个。,7,20,14,0,tiktok,0.064,80,0,0,0,0
2026-07-27T06:39:01.433Z,2026-07-27T06:40:32.994Z,本地新视频发现,success,处理 4 位，新增视频 2 条，跳过重复 0 条，错误 0 个。,7,20,14,0,tiktok,0.178,78,2,2,0,2
2026-07-27T06:38:40.669Z,2026-07-27T06:39:01.332Z,本地新视频发现,success,处理 2 位，新增视频 0 条，跳过重复 0 条，错误 0 个。,7,20,12,0,instagramreels,0.001,2,0,0,0,0
2026-07-27T06:36:54.434Z,2026-07-27T06:38:40.628Z,本地新视频发现,success,处理 4 位，新增视频 1 条，跳过重复 0 条，错误 0 个。,7,20,14,0,instagramreels,0.0086,8,1,1,0,1
2026-07-27T06:34:56.853Z,2026-07-27T06:36:54.390Z,本地新视频发现,success,处理 4 位，新增视频 0 条，跳过重复 0 条，错误 0 个。,7,20,14,0,instagramreels,0.0178,21,0,0,0,0
2026-07-27T06:33:42.310Z,2026-07-27T06:34:56.803Z,本地新视频发现,success,处理 4 位，新增视频 1 条，跳过重复 0 条，错误 0 个。,7,20,14,0,instagramreels,0.0109,10,1,1,0,1
2026-07-27T06:31:29.149Z,2026-07-27T06:33:42.261Z,本地新视频发现,success,处理 4 位，新增视频 0 条，跳过重复 0 条，错误 0 个。,7,20,14,0,instagramreels,0.0707,39,0,0,0,0
2026-07-27T06:29:38.611Z,2026-07-27T06:31:29.100Z,本地新视频发现,success,处理 4 位，新增视频 0 条，跳过重复 0 条，错误 0 个。,7,20,14,0,instagramreels,0.0063,5,0,0,0,0
2026-07-27T06:27:23.569Z,2026-07-27T06:29:38.562Z,本地新视频发现,success,处理 4 位，新增视频 1 条，跳过重复 0 条，错误 0 个。,7,20,14,0,instagramreels,0.0339,21,1,1,0,1
2026-07-27T06:25:54.789Z,2026-07-27T06:27:23.510Z,本地新视频发现,success,处理 4 位，新增视频 4 条，跳过重复 0 条，错误 0 个。,7,20,14,0,instagramreels,0.0086,10,4,4,0,4
2026-07-27T06:24:14.202Z,2026-07-27T06:25:54.718Z,本地新视频发现,success,处理 4 位，新增视频 0 条，跳过重复 0 条，错误 0 个。,7,20,14,0,instagramreels,0.0109,7,0,0,0,0
2026-07-27T06:23:02.838Z,2026-07-27T06:24:14.144Z,本地新视频发现,success,处理 4 位，新增视频 0 条，跳过重复 0 条，错误 0 个。,7,20,14,0,instagramreels,0.004,4,0,0,0,0
2026-07-27T06:21:01.437Z,2026-07-27T06:23:02.792Z,本地新视频发现,success,处理 4 位，新增视频 1 条，跳过重复 0 条，错误 0 个。,7,20,14,0,instagramreels,0.0247,18,1,1,0,1
2026-07-27T06:19:36.455Z,2026-07-27T06:21:01.364Z,本地新视频发现,success,处理 4 位，新增视频 0 条，跳过重复 0 条，错误 0 个。,7,20,14,0,instagramreels,0.004,7,0,0,0,0
2026-07-27T06:18:12.579Z,2026-07-27T06:19:36.393Z,本地新视频发现,success,处理 4 位，新增视频 0 条，跳过重复 0 条，错误 0 个。,7,20,14,0,instagramreels,0.0109,10,0,0,0,0
2026-07-27T06:16:46.926Z,2026-07-27T06:18:12.530Z,本地新视频发现,success,处理 4 位，新增视频 0 条，跳过重复 0 条，错误 0 个。,7,20,14,0,instagramreels,0.0109,10,0,0,0,0
2026-07-27T06:14:53.755Z,2026-07-27T06:16:46.880Z,本地新视频发现,success,处理 4 位，新增视频 0 条，跳过重复 0 条，错误 0 个。,7,20,14,0,instagramreels,0.0145,9,0,0,0,0
2026-07-27T06:13:16.388Z,2026-07-27T06:14:53.707Z,本地新视频发现,success,处理 4 位，新增视频 0 条，跳过重复 0 条，错误 0 个。,7,20,14,0,instagramreels,0.004,4,0,0,0,0
2026-07-27T06:10:37.030Z,2026-07-27T06:13:16.343Z,本地新视频发现,success,处理 4 位，新增视频 2 条，跳过重复 0 条，错误 0 个。,7,20,14,0,instagramreels,0.0132,15,2,2,0,2
2026-07-27T06:08:34.128Z,2026-07-27T06:10:36.983Z,本地新视频发现,success,处理 4 位，新增视频 1 条，跳过重复 0 条，错误 0 个。,7,20,14,0,instagramreels,0.0086,8,1,1,0,1
2026-07-27T06:06:31.132Z,2026-07-27T06:08:34.080Z,本地新视频发现,success,处理 4 位，新增视频 1 条，跳过重复 0 条，错误 0 个。,7,20,14,0,instagramreels,0.0316,25,1,1,0,1
2026-07-27T06:04:23.972Z,2026-07-27T06:06:31.085Z,本地新视频发现,success,处理 4 位，新增视频 0 条，跳过重复 0 条，错误 0 个。,7,20,14,0,instagramreels,0.0352,32,0,0,0,0
2026-07-27T06:02:52.546Z,2026-07-27T06:04:23.836Z,本地新视频发现,success,处理 4 位，新增视频 1 条，跳过重复 0 条，错误 0 个。,7,20,14,0,instagramreels,0.0053,12,1,1,0,1
2026-07-27T04:56:39.228Z,2026-07-27T04:58:54.122Z,本地新视频发现,success,处理 4 位，新增视频 0 条，跳过重复 0 条，错误 0 个。,7,20,14,0,youtubeshort,0.036,14,0,0,0,0
2026-07-27T04:55:22.444Z,2026-07-27T04:56:39.140Z,本地新视频发现,success,处理 4 位，新增视频 1 条，跳过重复 0 条，错误 0 个。,7,20,14,0,youtubeshort,0.012,7,1,1,0,1
2026-07-27T04:52:58.950Z,2026-07-27T04:55:22.368Z,本地新视频发现,success,处理 4 位，新增视频 0 条，跳过重复 0 条，错误 0 个。,7,20,14,0,youtubeshort,0.024,11,0,0,0,0
2026-07-27T04:50:18.697Z,2026-07-27T04:52:58.900Z,本地新视频发现,success,处理 4 位，新增视频 0 条，跳过重复 0 条，错误 0 个。,7,20,14,0,youtubeshort,0.052,25,0,0,0,0
2026-07-27T04:47:02.758Z,2026-07-27T04:50:18.642Z,本地新视频发现,success,处理 4 位，新增视频 5 条，跳过重复 0 条，错误 0 个。,7,20,14,0,youtubeshort,0.012,10,5,5,0,5
2026-07-27T04:46:14.324Z,2026-07-27T04:47:02.698Z,本地新视频发现,success,处理 4 位，新增视频 0 条，跳过重复 0 条，错误 0 个。,7,20,14,0,youtubeshort,0,4,0,0,0,0
2026-07-27T04:42:59.132Z,2026-07-27T04:46:14.249Z,本地新视频发现,success,处理 4 位，新增视频 0 条，跳过重复 0 条，错误 0 个。,7,20,14,0,youtubeshort,0.028,13,0,0,0,0
2026-07-27T04:41:27.655Z,2026-07-27T04:42:59.079Z,本地新视频发现,success,处理 4 位，新增视频 1 条，跳过重复 0 条，错误 0 个。,7,20,14,0,youtubeshort,0,7,1,1,0,1
2026-07-27T04:38:12.012Z,2026-07-27T04:41:27.599Z,本地新视频发现,success,处理 4 位，新增视频 0 条，跳过重复 0 条，错误 0 个。,7,20,14,0,youtubeshort,0.024,15,0,0,0,0
2026-07-27T04:36:59.938Z,2026-07-27T04:38:11.958Z,本地新视频发现,success,处理 4 位，新增视频 0 条，跳过重复 0 条，错误 0 个。,7,7,14,0,youtubevideo,0.004,6,0,0,0,0
2026-07-27T04:35:19.913Z,2026-07-27T04:36:59.887Z,本地新视频发现,success,处理 4 位，新增视频 0 条，跳过重复 0 条，错误 0 个。,7,7,14,0,youtubevideo,0,4,0,0,0,0
2026-07-27T04:34:35.950Z,2026-07-27T04:35:19.790Z,本地新视频发现,success,处理 4 位，新增视频 0 条，跳过重复 0 条，错误 0 个。,7,7,14,0,youtubevideo,0,4,0,0,0,0
2026-07-27T04:33:46.690Z,2026-07-27T04:34:35.898Z,本地新视频发现,success,处理 4 位，新增视频 0 条，跳过重复 0 条，错误 0 个。,7,7,14,0,youtubevideo,0,5,0,0,0,0
2026-07-27T04:32:37.766Z,2026-07-27T04:33:46.638Z,本地新视频发现,success,处理 4 位，新增视频 1 条，跳过重复 0 条，错误 0 个。,7,7,14,0,youtubevideo,0,4,1,1,0,1
2026-07-27T04:30:39.674Z,2026-07-27T04:32:37.707Z,本地新视频发现,success,处理 4 位，新增视频 0 条，跳过重复 0 条，错误 0 个。,7,7,14,0,youtubevideo,0.011,7,0,0,0,0
2026-07-20T04:41:58.820Z,2026-07-20T04:41:59.912Z,本地新视频发现,failed,处理 4 位，新增视频 0 条，跳过重复 0 条，错误 4 个。,8,20,10,0,youtubeshort,0,0,0,0,0,0
2026-07-20T04:41:57.350Z,2026-07-20T04:41:58.723Z,本地新视频发现,failed,处理 5 位，新增视频 0 条，跳过重复 0 条，错误 5 个。,8,20,10,0,youtubeshort,0,0,0,0,0,0
2026-07-20T04:41:55.927Z,2026-07-20T04:41:57.252Z,本地新视频发现,failed,处理 5 位，新增视频 0 条，跳过重复 0 条，错误 5 个。,8,20,10,0,youtubeshort,0,0,0,0,0,0
2026-07-20T04:41:54.397Z,2026-07-20T04:41:55.800Z,本地新视频发现,failed,处理 5 位，新增视频 0 条，跳过重复 0 条，错误 5 个。,8,20,10,0,youtubeshort,0,0,0,0,0,0
2026-07-20T04:41:52.857Z,2026-07-20T04:41:54.277Z,本地新视频发现,failed,处理 5 位，新增视频 0 条，跳过重复 0 条，错误 5 个。,8,20,10,0,youtubeshort,0,0,0,0,0,0
2026-07-20T04:41:03.001Z,2026-07-20T04:41:52.697Z,本地新视频发现,partial,处理 5 位，新增视频 0 条，跳过重复 0 条，错误 3 个。,8,20,10,0,youtubeshort,0,1,0,0,0,0
2026-07-20T04:38:24.676Z,2026-07-20T04:41:02.853Z,本地新视频发现,success,处理 5 位，新增视频 0 条，跳过重复 0 条，错误 0 个。,8,20,10,0,youtubeshort,0.008,11,0,0,0,0
2026-07-20T04:35:51.925Z,2026-07-20T04:38:24.560Z,本地新视频发现,success,处理 4 位，新增视频 0 条，跳过重复 0 条，错误 0 个。,8,20,10,0,youtubeshort,0.016,8,0,0,0,0
2026-07-20T04:34:30.096Z,2026-07-20T04:35:34.475Z,本地新视频发现,success,处理 4 位，新增视频 0 条，跳过重复 0 条，错误 0 个。,8,10,10,0,youtubevideo,0.004,5,0,0,0,0
2026-07-20T04:33:22.781Z,2026-07-20T04:34:29.966Z,本地新视频发现,success,处理 5 位，新增视频 0 条，跳过重复 0 条，错误 0 个。,8,10,10,0,youtubevideo,0,5,0,0,0,0
2026-07-20T04:32:15.505Z,2026-07-20T04:33:22.654Z,本地新视频发现,success,处理 5 位，新增视频 0 条，跳过重复 0 条，错误 0 个。,8,10,10,0,youtubevideo,0,6,0,0,0,0
2026-07-20T04:30:47.010Z,2026-07-20T04:32:15.383Z,本地新视频发现,success,处理 5 位，新增视频 0 条，跳过重复 0 条，错误 0 个。,8,10,10,0,youtubevideo,0,5,0,0,0,0
2026-07-20T04:29:48.158Z,2026-07-20T04:30:46.904Z,本地新视频发现,success,处理 5 位，新增视频 0 条，跳过重复 0 条，错误 0 个。,8,10,10,0,youtubevideo,0,6,0,0,0,0
2026-07-20T04:28:52.012Z,2026-07-20T04:29:48.038Z,本地新视频发现,success,处理 5 位，新增视频 0 条，跳过重复 0 条，错误 0 个。,8,10,10,0,youtubevideo,0,6,0,0,0,0
2026-07-20T04:26:48.138Z,2026-07-20T04:28:51.895Z,本地新视频发现,success,处理 5 位，新增视频 2 条，跳过重复 0 条，错误 0 个。,8,10,10,0,youtubevideo,0.004,6,2,2,0,2
2026-07-20T04:25:56.555Z,2026-07-20T04:26:48.018Z,本地新视频发现,success,处理 5 位，新增视频 0 条，跳过重复 0 条，错误 0 个。,8,10,10,0,youtubevideo,0,5,0,0,0,0
2026-07-20T04:25:13.971Z,2026-07-20T04:25:56.369Z,本地新视频发现,success,处理 5 位，新增视频 0 条，跳过重复 0 条，错误 0 个。,8,10,10,0,youtubevideo,0,5,0,0,0,0
2026-07-20T03:15:50.610Z,2026-07-20T03:15:51.993Z,本地新视频发现,failed,处理 5 位，新增视频 0 条，跳过重复 0 条，错误 5 个。,7,20,5,0,tiktok,0,0,0,0,0,0
2026-07-20T03:15:49.082Z,2026-07-20T03:15:50.491Z,本地新视频发现,failed,处理 5 位，新增视频 0 条，跳过重复 0 条，错误 5 个。,7,20,5,0,tiktok,0,0,0,0,0,0
2026-07-20T03:15:47.508Z,2026-07-20T03:15:48.982Z,本地新视频发现,failed,处理 5 位，新增视频 0 条，跳过重复 0 条，错误 5 个。,7,20,5,0,tiktok,0,0,0,0,0,0
2026-07-20T03:15:45.824Z,2026-07-20T03:15:47.409Z,本地新视频发现,failed,处理 5 位，新增视频 0 条，跳过重复 0 条，错误 5 个。,7,20,5,0,tiktok,0,0,0,0,0,0
2026-07-20T03:15:44.292Z,2026-07-20T03:15:45.716Z,本地新视频发现,failed,处理 5 位，新增视频 0 条，跳过重复 0 条，错误 5 个。,7,20,5,0,tiktok,0,0,0,0,0,0
2026-07-20T03:15:42.607Z,2026-07-20T03:15:44.186Z,本地新视频发现,failed,处理 5 位，新增视频 0 条，跳过重复 0 条，错误 5 个。,7,20,5,0,tiktok,0,0,0,0,0,0
2026-07-20T03:15:41.093Z,2026-07-20T03:15:42.526Z,本地新视频发现,failed,处理 5 位，新增视频 0 条，跳过重复 0 条，错误 5 个。,7,20,5,0,tiktok,0,0,0,0,0,0
2026-07-20T03:15:39.562Z,2026-07-20T03:15:40.984Z,本地新视频发现,failed,处理 5 位，新增视频 0 条，跳过重复 0 条，错误 5 个。,7,20,5,0,tiktok,0,0,0,0,0,0
2026-07-20T03:15:38.021Z,2026-07-20T03:15:39.448Z,本地新视频发现,failed,处理 5 位，新增视频 0 条，跳过重复 0 条，错误 5 个。,7,20,5,0,tiktok,0,0,0,0,0,0
2026-07-20T03:15:36.473Z,2026-07-20T03:15:37.911Z,本地新视频发现,failed,处理 5 位，新增视频 0 条，跳过重复 0 条，错误 5 个。,7,20,5,0,tiktok,0,0,0,0,0,0
2026-07-20T03:15:34.951Z,2026-07-20T03:15:36.364Z,本地新视频发现,failed,处理 5 位，新增视频 0 条，跳过重复 0 条，错误 5 个。,7,20,5,0,tiktok,0,0,0,0,0,0
2026-07-20T03:15:33.366Z,2026-07-20T03:15:34.843Z,本地新视频发现,failed,处理 5 位，新增视频 0 条，跳过重复 0 条，错误 5 个。,7,20,5,0,tiktok,0,0,0,0,0,0
2026-07-20T03:15:31.700Z,2026-07-20T03:15:33.268Z,本地新视频发现,failed,处理 5 位，新增视频 0 条，跳过重复 0 条，错误 5 个。,7,20,5,0,tiktok,0,0,0,0,0,0
2026-07-20T03:14:29.416Z,2026-07-20T03:15:31.589Z,本地新视频发现,partial,处理 5 位，新增视频 0 条，跳过重复 0 条，错误 1 个。,7,20,5,0,tiktok,0.063,63,0,0,0,0
2026-07-20T03:13:54.956Z,2026-07-20T03:14:29.299Z,本地新视频发现,success,处理 2 位，新增视频 0 条，跳过重复 0 条，错误 0 个。,7,20,2,0,instagramreels,0.002,2,0,0,0,0
2026-07-20T03:12:36.532Z,2026-07-20T03:13:54.845Z,本地新视频发现,success,处理 5 位，新增视频 1 条，跳过重复 0 条，错误 0 个。,7,20,5,0,instagramreels,0.0073,9,1,1,0,1
2026-07-20T03:10:20.980Z,2026-07-20T03:12:36.421Z,本地新视频发现,success,处理 5 位，新增视频 0 条，跳过重复 3 条，错误 0 个。,7,20,5,0,instagramreels,0.0142,10,3,0,3,0
2026-07-20T03:08:38.933Z,2026-07-20T03:10:20.846Z,本地新视频发现,success,处理 5 位，新增视频 0 条，跳过重复 0 条，错误 0 个。,7,20,5,0,instagramreels,0.05,26,0,0,0,0
2026-07-20T03:07:28.286Z,2026-07-20T03:08:38.594Z,本地新视频发现,success,处理 5 位，新增视频 0 条，跳过重复 0 条，错误 0 个。,7,20,5,0,instagramreels,0.002,7,0,0,0,0
2026-07-20T03:06:10.135Z,2026-07-20T03:07:28.165Z,本地新视频发现,success,处理 5 位，新增视频 1 条，跳过重复 0 条，错误 0 个。,7,20,5,0,instagramreels,0.0096,14,1,1,0,1
2026-07-20T03:04:47.082Z,2026-07-20T03:06:10.022Z,本地新视频发现,success,处理 5 位，新增视频 1 条，跳过重复 0 条，错误 0 个。,7,20,5,0,instagramreels,0.0109,9,1,1,0,1
2026-07-20T03:03:49.539Z,2026-07-20T03:04:46.949Z,本地新视频发现,success,处理 5 位，新增视频 0 条，跳过重复 0 条，错误 0 个。,7,20,5,0,instagramreels,0.004,9,0,0,0,0
2026-07-20T03:01:54.039Z,2026-07-20T03:03:49.379Z,本地新视频发现,success,处理 5 位，新增视频 4 条，跳过重复 0 条，错误 0 个。,7,20,5,0,instagramreels,0.0073,15,4,4,0,4
2026-07-20T02:59:47.374Z,2026-07-20T03:01:53.924Z,本地新视频发现,success,处理 5 位，新增视频 4 条，跳过重复 0 条，错误 0 个。,7,20,5,0,instagramreels,0.0293,23,4,4,0,4
2026-07-20T02:58:17.253Z,2026-07-20T02:59:47.221Z,本地新视频发现,success,处理 5 位，新增视频 2 条，跳过重复 0 条，错误 0 个。,7,20,5,0,instagramreels,0.0257,32,2,2,0,2
2026-07-20T02:56:54.848Z,2026-07-20T02:58:17.122Z,本地新视频发现,success,处理 5 位，新增视频 0 条，跳过重复 0 条，错误 0 个。,7,20,5,0,instagramreels,0.0109,10,0,0,0,0
2026-07-20T02:55:52.925Z,2026-07-20T02:56:54.723Z,本地新视频发现,success,处理 5 位，新增视频 0 条，跳过重复 0 条，错误 0 个。,7,20,5,0,instagramreels,0.004,8,0,0,0,0
2026-07-20T02:54:10.896Z,2026-07-20T02:55:52.808Z,本地新视频发现,success,处理 5 位，新增视频 0 条，跳过重复 0 条，错误 0 个。,7,20,5,0,instagramreels,0.0119,13,0,0,0,0
2026-07-20T02:52:26.368Z,2026-07-20T02:54:10.781Z,本地新视频发现,success,处理 5 位，新增视频 0 条，跳过重复 1 条，错误 0 个。,7,20,5,0,instagramreels,0.028,17,1,0,1,0
2026-07-20T02:51:36.196Z,2026-07-20T02:52:26.244Z,本地新视频发现,success,处理 5 位，新增视频 0 条，跳过重复 0 条，错误 0 个。,7,20,5,0,instagramreels,0.004,7,0,0,0,0
2026-07-20T02:50:02.126Z,2026-07-20T02:51:36.090Z,本地新视频发现,success,处理 5 位，新增视频 0 条，跳过重复 0 条，错误 0 个。,7,20,5,0,instagramreels,0.005,23,0,0,0,0
2026-07-20T02:47:42.244Z,2026-07-20T02:50:02.012Z,本地新视频发现,success,处理 5 位，新增视频 0 条，跳过重复 0 条，错误 0 个。,7,20,5,0,instagramreels,0.0533,27,0,0,0,0
2026-07-20T02:46:26.139Z,2026-07-20T02:47:42.130Z,本地新视频发现,success,处理 5 位，新增视频 0 条，跳过重复 3 条，错误 0 个。,7,20,5,0,instagramreels,0.0132,14,3,0,3,0
2026-07-20T02:44:35.655Z,2026-07-20T02:46:26.032Z,本地新视频发现,success,处理 5 位，新增视频 0 条，跳过重复 0 条，错误 0 个。,7,20,5,0,instagramreels,0.051,32,0,0,0,0
2026-07-20T02:43:21.358Z,2026-07-20T02:44:35.534Z,本地新视频发现,success,处理 5 位，新增视频 0 条，跳过重复 0 条，错误 0 个。,7,20,5,0,instagramreels,0.0086,7,0,0,0,0
2026-07-20T02:41:42.956Z,2026-07-20T02:43:21.230Z,本地新视频发现,success,处理 5 位，新增视频 0 条，跳过重复 1 条，错误 0 个。,7,20,5,0,instagramreels,0.005,22,1,0,1,0
2026-07-20T02:40:52.216Z,2026-07-20T02:41:42.852Z,本地新视频发现,success,处理 5 位，新增视频 0 条，跳过重复 0 条，错误 0 个。,7,20,5,0,youtubeshort,0.003,5,0,0,0,0
2026-07-20T02:39:20.143Z,2026-07-20T02:40:52.100Z,本地新视频发现,success,处理 5 位，新增视频 3 条，跳过重复 0 条，错误 0 个。,7,20,5,0,youtubeshort,0.012,10,3,3,0,3
2026-07-20T02:37:20.823Z,2026-07-20T02:39:20.019Z,本地新视频发现,success,处理 5 位，新增视频 0 条，跳过重复 0 条，错误 0 个。,7,20,5,0,youtubeshort,0.016,12,0,0,0,0
2026-07-20T02:36:27.622Z,2026-07-20T02:37:20.712Z,本地新视频发现,success,处理 5 位，新增视频 0 条，跳过重复 0 条，错误 0 个。,7,20,5,0,youtubeshort,0,9,0,0,0,0
2026-07-20T02:34:32.367Z,2026-07-20T02:36:27.510Z,本地新视频发现,success,处理 5 位，新增视频 2 条，跳过重复 0 条，错误 0 个。,7,20,5,0,youtubeshort,0.028,12,2,2,0,2
2026-07-20T02:32:55.098Z,2026-07-20T02:34:32.261Z,本地新视频发现,success,处理 5 位，新增视频 0 条，跳过重复 0 条，错误 0 个。,7,20,5,0,youtubeshort,0,5,0,0,0,0
2026-07-20T02:31:40.180Z,2026-07-20T02:32:54.967Z,本地新视频发现,success,处理 5 位，新增视频 0 条，跳过重复 0 条，错误 0 个。,7,20,5,0,youtubeshort,0.008,9,0,0,0,0
2026-07-20T02:30:12.778Z,2026-07-20T02:31:40.063Z,本地新视频发现,success,处理 5 位，新增视频 0 条，跳过重复 0 条，错误 0 个。,7,20,5,0,youtubeshort,0,12,0,0,0,0
2026-07-20T02:29:32.334Z,2026-07-20T02:30:12.671Z,本地新视频发现,success,处理 5 位，新增视频 0 条，跳过重复 0 条，错误 0 个。,7,20,5,0,youtubeshort,0,5,0,0,0,0
2026-07-20T02:26:23.646Z,2026-07-20T02:29:32.227Z,本地新视频发现,success,处理 5 位，新增视频 0 条，跳过重复 0 条，错误 0 个。,7,20,5,0,youtubeshort,0.039,23,0,0,0,0
2026-07-20T02:25:22.371Z,2026-07-20T02:26:23.527Z,本地新视频发现,success,处理 5 位，新增视频 0 条，跳过重复 0 条，错误 0 个。,7,20,5,0,youtubeshort,0,5,0,0,0,0
2026-07-20T02:23:28.351Z,2026-07-20T02:25:22.261Z,本地新视频发现,success,处理 5 位，新增视频 0 条，跳过重复 0 条，错误 0 个。,7,20,5,0,youtubeshort,0,5,0,0,0,0
2026-07-20T02:21:51.589Z,2026-07-20T02:23:28.219Z,本地新视频发现,success,处理 5 位，新增视频 0 条，跳过重复 0 条，错误 0 个。,7,20,5,0,youtubeshort,0.011,12,0,0,0,0
2026-07-20T02:20:13.401Z,2026-07-20T02:21:51.400Z,本地新视频发现,success,处理 5 位，新增视频 2 条，跳过重复 0 条，错误 0 个。,7,20,5,0,youtubeshort,0.019,12,2,2,0,2
2026-07-20T02:18:43.699Z,2026-07-20T02:20:13.300Z,本地新视频发现,success,处理 5 位，新增视频 1 条，跳过重复 0 条，错误 0 个。,7,20,5,0,youtubeshort,0.024,12,1,1,0,1
2026-07-20T02:18:13.599Z,2026-07-20T02:18:43.586Z,本地新视频发现,success,处理 1 位，新增视频 1 条，跳过重复 0 条，错误 0 个。,7,7,1,0,youtubevideo,0,1,1,1,0,1
2026-07-20T02:17:36.784Z,2026-07-20T02:18:13.355Z,本地新视频发现,success,处理 5 位，新增视频 0 条，跳过重复 0 条，错误 0 个。,7,7,5,0,youtubevideo,0,5,0,0,0,0
2026-07-20T02:16:51.598Z,2026-07-20T02:17:36.660Z,本地新视频发现,success,处理 5 位，新增视频 0 条，跳过重复 0 条，错误 0 个。,7,7,5,0,youtubevideo,0,5,0,0,0,0
2026-07-20T02:16:03.457Z,2026-07-20T02:16:51.483Z,本地新视频发现,success,处理 5 位，新增视频 0 条，跳过重复 0 条，错误 0 个。,7,7,5,0,youtubevideo,0.003,5,0,0,0,0
2026-07-20T02:14:28.974Z,2026-07-20T02:16:03.354Z,本地新视频发现,success,处理 5 位，新增视频 0 条，跳过重复 0 条，错误 0 个。,7,7,5,0,youtubevideo,0,5,0,0,0,0
2026-07-20T02:13:11.440Z,2026-07-20T02:14:28.844Z,本地新视频发现,success,处理 5 位，新增视频 0 条，跳过重复 0 条，错误 0 个。,7,7,5,0,youtubevideo,0,7,0,0,0,0
2026-07-20T02:11:31.689Z,2026-07-20T02:13:11.325Z,本地新视频发现,success,处理 5 位，新增视频 1 条，跳过重复 0 条，错误 0 个。,7,7,5,0,youtubevideo,0.004,6,1,1,0,1
2026-07-20T02:09:25.210Z,2026-07-20T02:11:31.573Z,本地新视频发现,success,处理 5 位，新增视频 1 条，跳过重复 0 条，错误 0 个。,7,7,5,0,youtubevideo,0.008,7,1,1,0,1
2026-07-20T02:08:11.650Z,2026-07-20T02:09:25.099Z,本地新视频发现,success,处理 4 位，新增视频 1 条，跳过重复 0 条，错误 0 个。,7,7,5,0,youtubevideo,0.004,5,1,1,0,1
2026-07-20T02:06:49.731Z,2026-07-20T02:08:11.522Z,本地新视频发现,success,处理 4 位，新增视频 0 条，跳过重复 0 条，错误 0 个。,7,7,5,0,youtubevideo,0,5,0,0,0,0
2026-07-20T02:05:54.655Z,2026-07-20T02:06:49.590Z,本地新视频发现,success,处理 5 位，新增视频 0 条，跳过重复 0 条，错误 0 个。,7,7,5,0,youtubevideo,0,5,0,0,0,0
2026-07-20T02:04:26.831Z,2026-07-20T02:05:54.531Z,本地新视频发现,success,处理 5 位，新增视频 0 条，跳过重复 0 条，错误 0 个。,7,7,5,0,youtubevideo,0,5,0,0,0,0
2026-07-20T02:03:06.469Z,2026-07-20T02:04:26.716Z,本地新视频发现,success,处理 5 位，新增视频 0 条，跳过重复 0 条，错误 0 个。,7,7,5,0,youtubevideo,0.012,7,0,0,0,0
2026-07-20T02:01:32.437Z,2026-07-20T02:03:06.321Z,本地新视频发现,success,处理 4 位，新增视频 0 条，跳过重复 0 条，错误 0 个。,7,7,5,0,youtubevideo,0,4,0,0,0,0
2026-07-20T01:59:59.932Z,2026-07-20T02:01:32.331Z,本地新视频发现,success,处理 5 位，新增视频 0 条，跳过重复 0 条，错误 0 个。,7,7,5,0,youtubevideo,0.012,8,0,0,0,0
2026-07-20T01:58:40.956Z,2026-07-20T01:59:59.805Z,本地新视频发现,success,处理 5 位，新增视频 0 条，跳过重复 0 条，错误 0 个。,7,7,5,0,youtubevideo,0,5,0,0,0,0
2026-07-20T01:57:13.027Z,2026-07-20T01:58:40.823Z,本地新视频发现,success,处理 5 位，新增视频 1 条，跳过重复 0 条，错误 0 个。,7,7,5,0,youtubevideo,0.012,10,1,1,0,1
2026-07-20T01:56:22.473Z,2026-07-20T01:57:12.894Z,本地新视频发现,success,处理 5 位，新增视频 0 条，跳过重复 0 条，错误 0 个。,7,7,5,0,youtubevideo,0,5,0,0,0,0
2026-07-20T01:54:51.957Z,2026-07-20T01:56:22.347Z,本地新视频发现,success,处理 5 位，新增视频 0 条，跳过重复 0 条，错误 0 个。,7,7,5,0,youtubevideo,0,5,0,0,0,0
2026-07-20T01:54:21.408Z,2026-07-20T01:54:51.841Z,本地新视频发现,success,处理 4 位，新增视频 0 条，跳过重复 0 条，错误 0 个。,7,7,5,0,youtubevideo,0,4,0,0,0,0
2026-07-20T01:53:45.741Z,2026-07-20T01:54:21.278Z,本地新视频发现,success,处理 4 位，新增视频 0 条，跳过重复 0 条，错误 0 个。,7,7,5,0,youtubevideo,0,4,0,0,0,0
2026-07-19T14:47:20.759Z,2026-07-19T14:48:10.106Z,本地新视频发现,success,处理 2 位，新增视频 0 条，跳过重复 0 条，错误 0 个。,7,20,4,0,tiktok,0.098,32,0,0,0,0
2026-07-19T14:46:30.054Z,2026-07-19T14:47:20.652Z,本地新视频发现,success,处理 5 位，新增视频 4 条，跳过重复 0 条，错误 0 个。,7,20,5,0,tiktok,0.174,97,4,4,0,4
2026-07-19T14:45:50.978Z,2026-07-19T14:46:29.939Z,本地新视频发现,success,处理 5 位，新增视频 1 条，跳过重复 0 条，错误 0 个。,7,20,5,0,tiktok,0.061,100,1,1,0,1
2026-07-19T14:44:36.697Z,2026-07-19T14:45:50.883Z,本地新视频发现,success,处理 5 位，新增视频 3 条，跳过重复 0 条，错误 0 个。,7,20,5,0,tiktok,0.065,100,3,3,0,3
2026-07-19T14:44:36.603Z,2026-07-19T14:44:36.633Z,本地新视频发现,success,处理 0 位，新增视频 0 条，跳过重复 0 条，错误 0 个。,7,20,3,0,instagramreels,0,0,0,0,0,0
2026-07-19T14:44:13.590Z,2026-07-19T14:44:36.469Z,本地新视频发现,success,处理 1 位，新增视频 0 条，跳过重复 0 条，错误 0 个。,7,20,5,0,instagramreels,0.0033,2,0,0,0,0
2026-07-19T14:41:55.359Z,2026-07-19T14:44:13.471Z,本地新视频发现,success,处理 5 位，新增视频 3 条，跳过重复 0 条，错误 0 个。,7,20,5,0,instagramreels,0.0096,8,3,3,0,3
2026-07-19T14:39:51.767Z,2026-07-19T14:41:55.228Z,本地新视频发现,success,处理 5 位，新增视频 0 条，跳过重复 0 条，错误 0 个。,7,20,5,0,instagramreels,0.0533,29,0,0,0,0
2026-07-19T14:38:06.300Z,2026-07-19T14:39:51.478Z,本地新视频发现,success,处理 5 位，新增视频 0 条，跳过重复 0 条，错误 0 个。,7,20,5,0,instagramreels,0.004,8,0,0,0,0
2026-07-19T14:37:10.137Z,2026-07-19T14:38:06.178Z,本地新视频发现,success,处理 3 位，新增视频 0 条，跳过重复 0 条，错误 0 个。,7,20,5,0,instagramreels,0.0145,9,0,0,0,0
2026-07-19T14:35:52.202Z,2026-07-19T14:37:10.004Z,本地新视频发现,success,处理 4 位，新增视频 1 条，跳过重复 0 条，错误 0 个。,7,20,5,0,instagramreels,0.0201,14,1,1,0,1
2026-07-19T14:33:57.155Z,2026-07-19T14:35:52.100Z,本地新视频发现,success,处理 4 位，新增视频 3 条，跳过重复 3 条，错误 0 个。,7,20,5,0,instagramreels,0.0523,31,6,3,3,3
2026-07-19T14:32:51.701Z,2026-07-19T14:33:56.996Z,本地新视频发现,success,处理 5 位，新增视频 1 条，跳过重复 0 条，错误 0 个。,7,20,5,0,instagramreels,0.003,8,1,1,0,1
2026-07-19T14:32:51.608Z,2026-07-19T14:32:51.638Z,本地新视频发现,success,处理 0 位，新增视频 0 条，跳过重复 0 条，错误 0 个。,7,20,5,0,youtubeshort,0,0,0,0,0,0
2026-07-19T14:32:51.524Z,2026-07-19T14:32:51.556Z,本地新视频发现,success,处理 0 位，新增视频 0 条，跳过重复 0 条，错误 0 个。,7,20,5,0,youtubeshort,0,0,0,0,0,0
2026-07-19T14:32:51.445Z,2026-07-19T14:32:51.472Z,本地新视频发现,success,处理 0 位，新增视频 0 条，跳过重复 0 条，错误 0 个。,7,20,5,0,youtubeshort,0,0,0,0,0,0
2026-07-19T14:32:51.366Z,2026-07-19T14:32:51.396Z,本地新视频发现,success,处理 0 位，新增视频 0 条，跳过重复 0 条，错误 0 个。,7,20,5,0,youtubeshort,0,0,0,0,0,0
2026-07-19T14:32:51.285Z,2026-07-19T14:32:51.315Z,本地新视频发现,success,处理 0 位，新增视频 0 条，跳过重复 0 条，错误 0 个。,7,20,5,0,youtubeshort,0,0,0,0,0,0
2026-07-19T14:32:34.967Z,2026-07-19T14:32:51.192Z,本地新视频发现,success,处理 2 位，新增视频 0 条，跳过重复 0 条，错误 0 个。,7,20,5,0,youtubeshort,0,2,0,0,0,0
2026-07-19T14:32:25.457Z,2026-07-19T14:32:34.864Z,本地新视频发现,success,处理 1 位，新增视频 0 条，跳过重复 0 条，错误 0 个。,7,20,5,0,youtubeshort,0,1,0,0,0,0
2026-07-19T14:32:25.342Z,2026-07-19T14:32:25.381Z,本地新视频发现,success,处理 0 位，新增视频 0 条，跳过重复 0 条，错误 0 个。,7,7,5,0,youtubevideo,0,0,0,0,0,0
2026-07-19T14:31:54.288Z,2026-07-19T14:32:25.216Z,本地新视频发现,success,处理 4 位，新增视频 0 条，跳过重复 0 条，错误 0 个。,7,7,5,0,youtubevideo,0,4,0,0,0,0
2026-07-19T14:30:54.898Z,2026-07-19T14:31:54.154Z,本地新视频发现,success,处理 5 位，新增视频 0 条，跳过重复 0 条，错误 0 个。,7,7,5,0,youtubevideo,0,5,0,0,0,0
2026-07-19T14:30:09.319Z,2026-07-19T14:30:54.784Z,本地新视频发现,success,处理 5 位，新增视频 0 条，跳过重复 0 条，错误 0 个。,7,7,5,0,youtubevideo,0,5,0,0,0,0
2026-07-19T14:29:47.985Z,2026-07-19T14:30:09.210Z,本地新视频发现,success,处理 2 位，新增视频 0 条，跳过重复 0 条，错误 0 个。,7,7,5,0,youtubevideo,0,2,0,0,0,0
2026-07-19T14:29:27.066Z,2026-07-19T14:29:47.879Z,本地新视频发现,success,处理 2 位，新增视频 0 条，跳过重复 0 条，错误 0 个。,7,7,5,0,youtubevideo,0,2,0,0,0,0
2026-07-19T14:29:07.467Z,2026-07-19T14:29:26.967Z,本地新视频发现,success,处理 3 位，新增视频 0 条，跳过重复 0 条，错误 0 个。,7,7,5,0,youtubevideo,0,3,0,0,0,0
2026-07-19T14:28:56.975Z,2026-07-19T14:29:07.364Z,本地新视频发现,success,处理 1 位，新增视频 0 条，跳过重复 0 条，错误 0 个。,7,7,5,0,youtubevideo,0,1,0,0,0,0
2026-07-19T14:28:29.646Z,2026-07-19T14:28:56.797Z,本地新视频发现,success,处理 3 位，新增视频 0 条，跳过重复 0 条，错误 0 个。,7,7,5,0,youtubevideo,0,3,0,0,0,0
2026-07-19T14:28:21.174Z,2026-07-19T14:28:29.516Z,本地新视频发现,success,处理 1 位，新增视频 0 条，跳过重复 0 条，错误 0 个。,7,7,5,0,youtubevideo,0,1,0,0,0,0
2026-07-19T14:28:21.059Z,2026-07-19T14:28:21.117Z,本地新视频发现,success,处理 0 位，新增视频 0 条，跳过重复 0 条，错误 0 个。,7,7,5,0,youtubevideo,0,0,0,0,0,0
2026-07-12T17:17:21.804Z,2026-07-12T17:18:06.957Z,本地新视频发现,success,处理 3 位，新增视频 1 条，跳过重复 0 条，错误 0 个。,8,20,13,0,tiktok,0.123,60,1,1,0,1
2026-07-12T17:16:50.008Z,2026-07-12T17:17:21.766Z,本地新视频发现,success,处理 3 位，新增视频 5 条，跳过重复 0 条，错误 0 个。,8,20,13,0,tiktok,0.002,60,5,5,0,5
2026-07-12T17:15:08.836Z,2026-07-12T17:16:49.977Z,本地新视频发现,success,处理 3 位，新增视频 1 条，跳过重复 0 条，错误 0 个。,8,20,13,0,tiktok,0.122,41,1,1,0,1
2026-07-12T17:14:37.943Z,2026-07-12T17:15:08.793Z,本地新视频发现,success,处理 3 位，新增视频 0 条，跳过重复 0 条，错误 0 个。,8,20,13,0,tiktok,0.062,60,0,0,0,0
2026-07-12T17:13:59.053Z,2026-07-12T17:14:37.901Z,本地新视频发现,success,处理 3 位，新增视频 0 条，跳过重复 0 条，错误 0 个。,8,20,13,0,tiktok,0.01,5,0,0,0,0
2026-07-12T17:13:05.992Z,2026-07-12T17:13:59.016Z,本地新视频发现,success,处理 3 位，新增视频 0 条，跳过重复 0 条，错误 0 个。,8,20,13,0,tiktok,0.183,60,0,0,0,0
2026-07-12T17:10:48.463Z,2026-07-12T17:13:05.955Z,本地新视频发现,success,处理 3 位，新增视频 0 条，跳过重复 0 条，错误 0 个。,8,20,13,0,tiktok,0.138,45,0,0,0,0
2026-07-12T17:10:18.142Z,2026-07-12T17:10:48.428Z,本地新视频发现,success,处理 3 位，新增视频 0 条，跳过重复 0 条，错误 0 个。,8,20,13,0,tiktok,0.062,51,0,0,0,0
2026-07-12T17:09:29.678Z,2026-07-12T17:10:18.101Z,本地新视频发现,success,处理 3 位，新增视频 0 条，跳过重复 0 条，错误 0 个。,8,20,13,0,tiktok,0.123,47,0,0,0,0
2026-07-12T17:08:20.608Z,2026-07-12T17:09:29.637Z,本地新视频发现,success,处理 4 位，新增视频 3 条，跳过重复 3 条，错误 0 个。,8,20,13,0,tiktok,0.062,80,6,3,3,3
2026-07-12T17:07:06.883Z,2026-07-12T17:08:20.568Z,本地新视频发现,success,处理 4 位，新增视频 0 条，跳过重复 0 条，错误 0 个。,8,20,13,0,tiktok,0.124,80,0,0,0,0
2026-07-12T17:05:44.719Z,2026-07-12T17:07:06.850Z,本地新视频发现,success,处理 4 位，新增视频 1 条，跳过重复 0 条，错误 0 个。,8,20,13,0,tiktok,0.064,80,1,1,0,1
2026-07-12T17:04:38.303Z,2026-07-12T17:05:44.680Z,本地新视频发现,success,处理 3 位，新增视频 0 条，跳过重复 0 条，错误 0 个。,8,20,13,0,tiktok,0.123,60,0,0,0,0
2026-07-12T17:03:30.140Z,2026-07-12T17:04:38.265Z,本地新视频发现,success,处理 3 位，新增视频 0 条，跳过重复 0 条，错误 0 个。,8,20,13,0,tiktok,0.123,60,0,0,0,0
2026-07-12T17:02:44.747Z,2026-07-12T17:03:30.100Z,本地新视频发现,success,处理 3 位，新增视频 0 条，跳过重复 0 条，错误 0 个。,8,20,13,0,tiktok,0.117,58,0,0,0,0
2026-07-12T17:01:25.999Z,2026-07-12T17:02:44.715Z,本地新视频发现,success,处理 4 位，新增视频 2 条，跳过重复 0 条，错误 0 个。,8,20,13,0,tiktok,0.063,80,2,2,0,2
2026-07-12T17:00:53.927Z,2026-07-12T17:01:25.959Z,本地新视频发现,success,处理 3 位，新增视频 0 条，跳过重复 0 条，错误 0 个。,8,20,13,0,tiktok,0.063,60,0,0,0,0
2026-07-12T17:00:26.197Z,2026-07-12T17:00:53.892Z,本地新视频发现,success,处理 3 位，新增视频 0 条，跳过重复 0 条，错误 0 个。,8,20,13,0,tiktok,0.001,27,0,0,0,0
2026-07-12T16:59:33.384Z,2026-07-12T17:00:26.153Z,本地新视频发现,success,处理 3 位，新增视频 0 条，跳过重复 0 条，错误 0 个。,8,20,13,0,tiktok,0.062,46,0,0,0,0
2026-07-12T16:58:13.562Z,2026-07-12T16:59:33.341Z,本地新视频发现,success,处理 12 位，新增视频 0 条，跳过重复 0 条，错误 0 个。,8,20,13,0,tiktok,0.062,69,0,0,0,0
2026-07-12T16:57:03.547Z,2026-07-12T16:58:13.521Z,本地新视频发现,success,处理 4 位，新增视频 0 条，跳过重复 0 条，错误 0 个。,8,20,13,0,tiktok,0.122,62,0,0,0,0
2026-07-12T16:56:24.877Z,2026-07-12T16:57:03.506Z,本地新视频发现,success,处理 3 位，新增视频 0 条，跳过重复 0 条，错误 0 个。,8,20,13,0,tiktok,0.062,60,0,0,0,0
2026-07-12T16:55:46.757Z,2026-07-12T16:56:24.847Z,本地新视频发现,success,处理 3 位，新增视频 0 条，跳过重复 0 条，错误 0 个。,8,20,13,0,tiktok,0.122,55,0,0,0,0
2026-07-12T16:54:46.434Z,2026-07-12T16:55:46.716Z,本地新视频发现,success,处理 4 位，新增视频 0 条，跳过重复 0 条，错误 0 个。,8,20,13,0,tiktok,0.061,66,0,0,0,0
2026-07-12T16:53:42.816Z,2026-07-12T16:54:46.393Z,本地新视频发现,success,处理 4 位，新增视频 6 条，跳过重复 6 条，错误 0 个。,8,20,13,0,tiktok,0.064,80,12,6,6,6
2026-07-12T16:52:55.564Z,2026-07-12T16:53:42.776Z,本地新视频发现,success,处理 4 位，新增视频 0 条，跳过重复 0 条，错误 0 个。,8,20,13,0,tiktok,0.124,80,0,0,0,0
2026-07-12T16:51:56.014Z,2026-07-12T16:52:55.526Z,本地新视频发现,success,处理 5 位，新增视频 1 条，跳过重复 1 条，错误 0 个。,8,20,13,0,tiktok,0.074,83,2,1,1,1
2026-07-12T16:50:30.624Z,2026-07-12T16:51:55.975Z,本地新视频发现,success,处理 6 位，新增视频 0 条，跳过重复 0 条，错误 0 个。,8,20,13,0,tiktok,0.184,120,0,0,0,0
2026-07-12T16:49:50.069Z,2026-07-12T16:50:06.322Z,本地新视频发现,success,处理 1 位，新增视频 0 条，跳过重复 0 条，错误 0 个。,8,20,15,0,instagramreels,0.001,3,0,0,0,0
2026-07-12T16:47:23.539Z,2026-07-12T16:49:50.027Z,本地新视频发现,success,处理 5 位，新增视频 0 条，跳过重复 0 条，错误 0 个。,8,20,15,0,instagramreels,0.0349,23,0,0,0,0
2026-07-12T16:45:47.060Z,2026-07-12T16:47:23.499Z,本地新视频发现,success,处理 5 位，新增视频 1 条，跳过重复 0 条，错误 0 个。,8,20,15,0,instagramreels,0.0165,10,1,1,0,1
2026-07-12T16:44:07.238Z,2026-07-12T16:45:47.021Z,本地新视频发现,success,处理 5 位，新增视频 5 条，跳过重复 0 条，错误 0 个。,8,20,15,0,instagramreels,0.0109,17,5,5,0,5
2026-07-12T16:42:16.787Z,2026-07-12T16:44:07.198Z,本地新视频发现,success,处理 5 位，新增视频 1 条，跳过重复 0 条，错误 0 个。,8,20,15,0,instagramreels,0.0096,13,1,1,0,1
2026-07-12T16:40:14.004Z,2026-07-12T16:42:16.748Z,本地新视频发现,success,处理 5 位，新增视频 0 条，跳过重复 0 条，错误 0 个。,8,20,15,0,instagramreels,0.028,26,0,0,0,0
2026-07-12T16:37:48.991Z,2026-07-12T16:40:13.966Z,本地新视频发现,success,处理 5 位，新增视频 1 条，跳过重复 0 条，错误 0 个。,8,20,15,0,instagramreels,0.0638,41,1,1,0,1
2026-07-12T16:36:13.242Z,2026-07-12T16:37:48.952Z,本地新视频发现,success,处理 5 位，新增视频 0 条，跳过重复 0 条，错误 0 个。,8,20,15,0,instagramreels,0.0096,13,0,0,0,0
2026-07-12T16:34:44.021Z,2026-07-12T16:36:13.202Z,本地新视频发现,success,处理 6 位，新增视频 0 条，跳过重复 0 条，错误 0 个。,8,20,15,0,instagramreels,0.0175,14,0,0,0,0
2026-07-12T16:33:29.097Z,2026-07-12T16:34:43.979Z,本地新视频发现,success,处理 5 位，新增视频 0 条，跳过重复 0 条，错误 0 个。,8,20,15,0,instagramreels,0.004,9,0,0,0,0
2026-07-12T16:30:58.007Z,2026-07-12T16:33:29.055Z,本地新视频发现,success,处理 5 位，新增视频 2 条，跳过重复 0 条，错误 0 个。,8,20,15,0,instagramreels,0.028,15,2,2,0,2
2026-07-12T16:28:51.409Z,2026-07-12T16:30:57.968Z,本地新视频发现,success,处理 5 位，新增视频 10 条，跳过重复 0 条，错误 0 个。,8,20,15,0,instagramreels,0.0464,33,10,10,0,10
2026-07-12T16:27:19.147Z,2026-07-12T16:28:51.374Z,本地新视频发现,partial,处理 5 位，新增视频 0 条，跳过重复 0 条，错误 1 个。,8,20,15,0,instagramreels,0.004,11,0,0,0,0
2026-07-12T16:26:05.239Z,2026-07-12T16:27:19.106Z,本地新视频发现,success,处理 5 位，新增视频 0 条，跳过重复 0 条，错误 0 个。,8,20,15,0,instagramreels,0.004,6,0,0,0,0
2026-07-12T16:24:09.824Z,2026-07-12T16:26:05.198Z,本地新视频发现,success,处理 7 位，新增视频 0 条，跳过重复 0 条，错误 0 个。,8,20,15,0,instagramreels,0.0073,18,0,0,0,0
2026-07-12T16:22:09.636Z,2026-07-12T16:24:09.793Z,本地新视频发现,success,处理 5 位，新增视频 0 条，跳过重复 0 条，错误 0 个。,8,20,15,0,instagramreels,0.028,21,0,0,0,0
2026-07-12T16:20:23.510Z,2026-07-12T16:22:09.536Z,本地新视频发现,success,处理 7 位，新增视频 0 条，跳过重复 0 条，错误 0 个。,8,20,15,0,instagramreels,0.0083,19,0,0,0,0
2026-07-12T16:18:47.410Z,2026-07-12T16:20:23.471Z,本地新视频发现,success,处理 5 位，新增视频 0 条，跳过重复 0 条，错误 0 个。,8,20,15,0,instagramreels,0.0454,30,0,0,0,0
2026-07-12T16:16:28.235Z,2026-07-12T16:18:47.371Z,本地新视频发现,success,处理 6 位，新增视频 5 条，跳过重复 0 条，错误 0 个。,8,20,15,0,instagramreels,0.029,36,5,5,0,5
2026-07-12T16:14:53.844Z,2026-07-12T16:16:28.191Z,本地新视频发现,success,处理 6 位，新增视频 0 条，跳过重复 0 条，错误 0 个。,8,20,15,0,instagramreels,0.006,9,0,0,0,0
2026-07-12T16:12:41.342Z,2026-07-12T16:14:53.761Z,本地新视频发现,success,处理 7 位，新增视频 3 条，跳过重复 3 条，错误 0 个。,8,20,15,0,instagramreels,0.0875,46,6,3,3,3
2026-07-12T16:09:42.798Z,2026-07-12T16:12:41.301Z,本地新视频发现,success,处理 9 位，新增视频 0 条，跳过重复 0 条，错误 0 个。,8,20,15,0,instagramreels,0.0126,21,0,0,0,0
2026-07-12T16:08:31.020Z,2026-07-12T16:08:31.059Z,本地新视频发现,success,处理 0 位，新增视频 0 条，跳过重复 0 条，错误 0 个。,8,20,14,0,youtubeshort,0,0,0,0,0,0
2026-07-12T16:07:14.184Z,2026-07-12T16:08:30.980Z,本地新视频发现,success,处理 4 位，新增视频 0 条，跳过重复 0 条，错误 0 个。,8,20,15,0,youtubeshort,0,5,0,0,0,0
2026-07-12T16:04:57.508Z,2026-07-12T16:07:14.142Z,本地新视频发现,success,处理 5 位，新增视频 2 条，跳过重复 0 条，错误 0 个。,8,20,15,0,youtubeshort,0.024,19,2,2,0,2
2026-07-12T16:02:55.592Z,2026-07-12T16:04:57.467Z,本地新视频发现,success,处理 7 位，新增视频 0 条，跳过重复 0 条，错误 0 个。,8,20,15,0,youtubeshort,0,8,0,0,0,0
2026-07-12T16:01:24.795Z,2026-07-12T16:02:55.546Z,本地新视频发现,success,处理 5 位，新增视频 0 条，跳过重复 0 条，错误 0 个。,8,20,15,0,youtubeshort,0,5,0,0,0,0
2026-07-12T15:59:13.236Z,2026-07-12T16:01:24.754Z,本地新视频发现,success,处理 5 位，新增视频 0 条，跳过重复 0 条，错误 0 个。,8,20,15,0,youtubeshort,0.032,14,0,0,0,0
2026-07-12T15:58:07.084Z,2026-07-12T15:59:13.194Z,本地新视频发现,success,处理 5 位，新增视频 0 条，跳过重复 0 条，错误 0 个。,8,20,15,0,youtubeshort,0.004,7,0,0,0,0
2026-07-12T15:56:33.481Z,2026-07-12T15:58:07.043Z,本地新视频发现,success,处理 6 位，新增视频 1 条，跳过重复 0 条，错误 0 个。,8,20,15,0,youtubeshort,0.032,18,1,1,0,1
2026-07-12T15:54:12.381Z,2026-07-12T15:56:33.440Z,本地新视频发现,success,处理 5 位，新增视频 0 条，跳过重复 0 条，错误 0 个。,8,20,15,0,youtubeshort,0.079,34,0,0,0,0
2026-07-12T15:52:08.504Z,2026-07-12T15:54:12.339Z,本地新视频发现,success,处理 5 位，新增视频 0 条，跳过重复 0 条，错误 0 个。,8,20,15,0,youtubeshort,0.012,12,0,0,0,0
2026-07-12T15:50:48.991Z,2026-07-12T15:52:08.460Z,本地新视频发现,success,处理 5 位，新增视频 0 条，跳过重复 0 条，错误 0 个。,8,20,15,0,youtubeshort,0.003,5,0,0,0,0
2026-07-12T15:48:56.452Z,2026-07-12T15:50:48.948Z,本地新视频发现,success,处理 6 位，新增视频 0 条，跳过重复 0 条，错误 0 个。,8,20,15,0,youtubeshort,0,8,0,0,0,0
2026-07-12T15:46:32.495Z,2026-07-12T15:48:56.412Z,本地新视频发现,success,处理 7 位，新增视频 0 条，跳过重复 0 条，错误 0 个。,8,20,15,0,youtubeshort,0.032,16,0,0,0,0
2026-07-12T15:43:05.226Z,2026-07-12T15:46:32.451Z,本地新视频发现,success,处理 7 位，新增视频 0 条，跳过重复 0 条，错误 0 个。,8,20,15,0,youtubeshort,0.044,17,0,0,0,0
2026-07-12T15:42:07.145Z,2026-07-12T15:43:05.183Z,本地新视频发现,success,处理 5 位，新增视频 0 条，跳过重复 0 条，错误 0 个。,8,20,15,0,youtubeshort,0.016,9,0,0,0,0
2026-07-12T15:37:18.601Z,2026-07-12T15:42:07.122Z,本地新视频发现,success,处理 7 位，新增视频 3 条，跳过重复 3 条，错误 0 个。,8,20,15,0,youtubeshort,0.18,53,6,3,3,3
2026-07-12T15:36:51.557Z,2026-07-12T15:36:51.594Z,本地新视频发现,success,处理 0 位，新增视频 0 条，跳过重复 0 条，错误 0 个。,8,7,13,0,youtubevideo,0,0,0,0,0,0
2026-07-12T15:36:04.946Z,2026-07-12T15:36:51.517Z,本地新视频发现,success,处理 5 位，新增视频 0 条，跳过重复 0 条，错误 0 个。,8,7,15,0,youtubevideo,0,8,0,0,0,0
2026-07-12T15:34:55.745Z,2026-07-12T15:36:04.904Z,本地新视频发现,success,处理 5 位，新增视频 0 条，跳过重复 0 条，错误 0 个。,8,7,15,0,youtubevideo,0,5,0,0,0,0
2026-07-12T15:34:08.426Z,2026-07-12T15:34:55.704Z,本地新视频发现,success,处理 5 位，新增视频 0 条，跳过重复 0 条，错误 0 个。,8,7,15,0,youtubevideo,0.003,6,0,0,0,0
2026-07-12T15:32:52.348Z,2026-07-12T15:34:08.386Z,本地新视频发现,success,处理 5 位，新增视频 0 条，跳过重复 0 条，错误 0 个。,8,7,15,0,youtubevideo,0.004,6,0,0,0,0
2026-07-12T15:31:28.579Z,2026-07-12T15:32:52.307Z,本地新视频发现,success,处理 5 位，新增视频 0 条，跳过重复 0 条，错误 0 个。,8,7,15,0,youtubevideo,0.004,6,0,0,0,0
2026-07-12T15:30:15.559Z,2026-07-12T15:31:28.539Z,本地新视频发现,success,处理 5 位，新增视频 0 条，跳过重复 0 条，错误 0 个。,8,7,15,0,youtubevideo,0.004,7,0,0,0,0
2026-07-12T15:28:50.583Z,2026-07-12T15:30:15.523Z,本地新视频发现,success,处理 5 位，新增视频 0 条，跳过重复 0 条，错误 0 个。,8,7,15,0,youtubevideo,0,5,0,0,0,0
2026-07-12T15:27:45.393Z,2026-07-12T15:28:50.543Z,本地新视频发现,success,处理 6 位，新增视频 0 条，跳过重复 0 条，错误 0 个。,8,7,15,0,youtubevideo,0,6,0,0,0,0
2026-07-12T15:26:31.051Z,2026-07-12T15:27:45.355Z,本地新视频发现,success,处理 5 位，新增视频 0 条，跳过重复 0 条，错误 0 个。,8,7,15,0,youtubevideo,0.012,8,0,0,0,0
2026-07-12T15:25:35.706Z,2026-07-12T15:26:31.008Z,本地新视频发现,success,处理 5 位，新增视频 0 条，跳过重复 0 条，错误 0 个。,8,7,15,0,youtubevideo,0,5,0,0,0,0
2026-07-12T15:24:29.629Z,2026-07-12T15:25:35.665Z,本地新视频发现,success,处理 5 位，新增视频 0 条，跳过重复 0 条，错误 0 个。,8,7,15,0,youtubevideo,0.008,7,0,0,0,0
2026-07-12T15:23:45.185Z,2026-07-12T15:24:29.536Z,本地新视频发现,success,处理 5 位，新增视频 1 条，跳过重复 0 条，错误 0 个。,8,7,15,0,youtubevideo,0,5,1,1,0,1
2026-07-12T15:22:54.516Z,2026-07-12T15:23:45.079Z,本地新视频发现,success,处理 5 位，新增视频 0 条，跳过重复 0 条，错误 0 个。,8,7,15,0,youtubevideo,0,5,0,0,0,0
2026-07-12T15:20:42.895Z,2026-07-12T15:22:54.476Z,本地新视频发现,success,处理 6 位，新增视频 1 条，跳过重复 1 条，错误 0 个。,8,7,15,0,youtubevideo,0.004,10,2,1,1,1
2026-07-12T15:19:10.614Z,2026-07-12T15:20:42.852Z,本地新视频发现,success,处理 7 位，新增视频 0 条，跳过重复 0 条，错误 0 个。,8,7,15,0,youtubevideo,0,9,0,0,0,0
2026-07-12T15:18:23.007Z,2026-07-12T15:19:10.570Z,本地新视频发现,success,处理 5 位，新增视频 0 条，跳过重复 0 条，错误 0 个。,8,7,15,0,youtubevideo,0,5,0,0,0,0
2026-07-12T15:17:16.948Z,2026-07-12T15:18:22.959Z,本地新视频发现,success,处理 5 位，新增视频 0 条，跳过重复 0 条，错误 0 个。,8,7,15,0,youtubevideo,0,6,0,0,0,0
2026-07-12T15:16:20.003Z,2026-07-12T15:17:16.906Z,本地新视频发现,success,处理 5 位，新增视频 0 条，跳过重复 0 条，错误 0 个。,8,7,15,0,youtubevideo,0,5,0,0,0,0
2026-07-12T15:14:57.909Z,2026-07-12T15:16:19.949Z,本地新视频发现,success,处理 9 位，新增视频 0 条，跳过重复 0 条，错误 0 个。,8,7,15,0,youtubevideo,0.006,9,0,0,0,0
2026-07-12T15:13:22.450Z,2026-07-12T15:14:57.865Z,本地新视频发现,success,处理 6 位，新增视频 2 条，跳过重复 2 条，错误 0 个。,8,7,15,0,youtubevideo,0.004,10,4,2,2,2
2026-07-05T16:07:00.227Z,2026-07-05T16:08:03.397Z,本地新视频发现,success,处理 1 位，新增视频 0 条，跳过重复 0 条，错误 0 个。,7,20,11,0,tiktok,0.061,20,0,0,0,0
2026-07-05T16:06:03.059Z,2026-07-05T16:07:00.191Z,本地新视频发现,success,处理 3 位，新增视频 0 条，跳过重复 0 条，错误 0 个。,7,20,13,0,tiktok,0.062,60,0,0,0,0
2026-07-05T16:04:45.122Z,2026-07-05T16:06:03.021Z,本地新视频发现,success,处理 3 位，新增视频 1 条，跳过重复 0 条，错误 0 个。,7,20,13,0,tiktok,0.183,60,1,1,0,1
2026-07-05T16:03:55.063Z,2026-07-05T16:04:45.083Z,本地新视频发现,success,处理 3 位，新增视频 1 条，跳过重复 0 条，错误 0 个。,7,20,13,0,tiktok,0.061,41,1,1,0,1
2026-07-05T16:03:03.453Z,2026-07-05T16:03:55.038Z,本地新视频发现,success,处理 3 位，新增视频 0 条，跳过重复 0 条，错误 0 个。,7,20,13,0,tiktok,0.071,24,0,0,0,0
2026-07-05T16:02:32.854Z,2026-07-05T16:03:03.413Z,本地新视频发现,success,处理 3 位，新增视频 1 条，跳过重复 0 条，错误 0 个。,7,20,13,0,tiktok,0.001,41,1,1,0,1
2026-07-05T16:02:00.649Z,2026-07-05T16:02:32.817Z,本地新视频发现,success,处理 3 位，新增视频 0 条，跳过重复 0 条，错误 0 个。,7,20,13,0,tiktok,0.122,45,0,0,0,0
2026-07-05T16:01:23.033Z,2026-07-05T16:02:00.613Z,本地新视频发现,success,处理 3 位，新增视频 0 条，跳过重复 0 条，错误 0 个。,7,20,13,0,tiktok,0.123,51,0,0,0,0
2026-07-05T16:00:08.648Z,2026-07-05T16:01:23.000Z,本地新视频发现,success,处理 3 位，新增视频 0 条，跳过重复 0 条，错误 0 个。,7,20,13,0,tiktok,0.024,47,0,0,0,0
2026-07-05T15:58:57.978Z,2026-07-05T16:00:08.612Z,本地新视频发现,success,处理 4 位，新增视频 3 条，跳过重复 3 条，错误 0 个。,7,20,13,0,tiktok,0.184,80,6,3,3,3
2026-07-05T15:58:01.758Z,2026-07-05T15:58:57.942Z,本地新视频发现,success,处理 4 位，新增视频 0 条，跳过重复 0 条，错误 0 个。,7,20,13,0,tiktok,0.002,80,0,0,0,0
2026-07-05T15:57:11.494Z,2026-07-05T15:58:01.722Z,本地新视频发现,success,处理 4 位，新增视频 2 条，跳过重复 0 条，错误 0 个。,7,20,13,0,tiktok,0.063,80,2,2,0,2
2026-07-05T15:56:30.310Z,2026-07-05T15:57:11.458Z,本地新视频发现,success,处理 3 位，新增视频 0 条，跳过重复 0 条，错误 0 个。,7,20,13,0,tiktok,0.061,60,0,0,0,0
2026-07-05T15:55:22.853Z,2026-07-05T15:56:30.295Z,本地新视频发现,success,处理 3 位，新增视频 0 条，跳过重复 0 条，错误 0 个。,7,20,13,0,tiktok,0.122,60,0,0,0,0
2026-07-05T15:54:46.199Z,2026-07-05T15:55:22.821Z,本地新视频发现,success,处理 3 位，新增视频 0 条，跳过重复 0 条，错误 0 个。,7,20,13,0,tiktok,0.061,60,0,0,0,0
2026-07-05T15:54:06.396Z,2026-07-05T15:54:46.163Z,本地新视频发现,success,处理 4 位，新增视频 1 条，跳过重复 1 条，错误 0 个。,7,20,13,0,tiktok,0.062,78,2,1,1,1
2026-07-05T15:52:55.417Z,2026-07-05T15:54:06.360Z,本地新视频发现,success,处理 3 位，新增视频 0 条，跳过重复 0 条，错误 0 个。,7,20,13,0,tiktok,0.183,60,0,0,0,0
2026-07-05T15:51:57.015Z,2026-07-05T15:52:55.379Z,本地新视频发现,success,处理 3 位，新增视频 0 条，跳过重复 0 条，错误 0 个。,7,20,13,0,tiktok,0.141,46,0,0,0,0
2026-07-05T15:51:40.620Z,2026-07-05T15:51:56.976Z,本地新视频发现,success,处理 3 位，新增视频 1 条，跳过重复 0 条，错误 0 个。,7,20,13,0,tiktok,0,26,1,1,0,1
2026-07-05T15:50:35.056Z,2026-07-05T15:51:40.591Z,本地新视频发现,success,处理 12 位，新增视频 0 条，跳过重复 0 条，错误 0 个。,7,20,13,0,tiktok,0.062,69,0,0,0,0
2026-07-05T15:49:06.556Z,2026-07-05T15:50:35.017Z,本地新视频发现,success,处理 3 位，新增视频 0 条，跳过重复 0 条，错误 0 个。,7,20,13,0,tiktok,0.122,42,0,0,0,0
2026-07-05T15:48:10.691Z,2026-07-05T15:49:06.518Z,本地新视频发现,success,处理 4 位，新增视频 0 条，跳过重复 0 条，错误 0 个。,7,20,13,0,tiktok,0.244,80,0,0,0,0
2026-07-05T15:47:36.930Z,2026-07-05T15:48:10.654Z,本地新视频发现,success,处理 3 位，新增视频 0 条，跳过重复 0 条，错误 0 个。,7,20,13,0,tiktok,0.061,60,0,0,0,0
2026-07-05T15:46:34.570Z,2026-07-05T15:47:36.890Z,本地新视频发现,success,处理 4 位，新增视频 0 条，跳过重复 0 条，错误 0 个。,7,20,13,0,tiktok,0.041,61,0,0,0,0
2026-07-05T15:45:27.482Z,2026-07-05T15:46:34.540Z,本地新视频发现,success,处理 3 位，新增视频 0 条，跳过重复 0 条，错误 0 个。,7,20,13,0,tiktok,0.122,60,0,0,0,0
2026-07-05T15:29:04.019Z,2026-07-05T15:35:41.730Z,本地新视频发现,partial,处理 7 位，新增视频 1 条，跳过重复 1 条，错误 1 个。,7,20,15,0,tiktok,0.186,120,2,1,1,1
2026-07-05T15:26:13.980Z,2026-07-05T15:29:03.979Z,本地新视频发现,partial,处理 9 位，新增视频 0 条，跳过重复 0 条，错误 1 个。,7,20,15,0,tiktok,0.305,143,0,0,0,0
2026-07-05T15:23:33.734Z,2026-07-05T15:25:04.447Z,本地新视频发现,success,处理 5 位，新增视频 0 条，跳过重复 0 条，错误 0 个。,7,20,15,0,instagramreels,0.0257,14,0,0,0,0
2026-07-05T15:22:12.903Z,2026-07-05T15:23:33.695Z,本地新视频发现,success,处理 5 位，新增视频 0 条，跳过重复 0 条，错误 0 个。,7,20,15,0,instagramreels,0.0076,13,0,0,0,0
2026-07-05T15:19:26.411Z,2026-07-05T15:22:12.862Z,本地新视频发现,success,处理 5 位，新增视频 1 条，跳过重复 0 条，错误 0 个。,7,20,15,0,instagramreels,0.0165,10,1,1,0,1
2026-07-05T15:17:54.941Z,2026-07-05T15:19:26.373Z,本地新视频发现,success,处理 5 位，新增视频 0 条，跳过重复 0 条，错误 0 个。,7,20,15,0,instagramreels,0.0257,16,0,0,0,0
2026-07-05T15:15:58.812Z,2026-07-05T15:17:54.903Z,本地新视频发现,success,处理 5 位，新增视频 2 条，跳过重复 0 条，错误 0 个。,7,20,15,0,instagramreels,0.0224,21,2,2,0,2
2026-07-05T15:13:38.900Z,2026-07-05T15:15:58.775Z,本地新视频发现,success,处理 5 位，新增视频 3 条，跳过重复 0 条，错误 0 个。,7,20,15,0,instagramreels,0.0648,39,3,3,0,3
2026-07-05T15:11:25.881Z,2026-07-05T15:13:38.866Z,本地新视频发现,success,处理 5 位，新增视频 0 条，跳过重复 0 条，错误 0 个。,7,20,15,0,instagramreels,0.028,19,0,0,0,0
2026-07-05T15:09:46.042Z,2026-07-05T15:11:25.838Z,本地新视频发现,success,处理 6 位，新增视频 0 条，跳过重复 0 条，错误 0 个。,7,20,15,0,instagramreels,0.0132,11,0,0,0,0
2026-07-05T15:08:34.061Z,2026-07-05T15:09:46.007Z,本地新视频发现,success,处理 5 位，新增视频 0 条，跳过重复 0 条，错误 0 个。,7,20,15,0,instagramreels,0.004,12,0,0,0,0
2026-07-05T15:06:09.556Z,2026-07-05T15:08:34.025Z,本地新视频发现,success,处理 5 位，新增视频 2 条，跳过重复 0 条，错误 0 个。,7,20,15,0,instagramreels,0.0142,18,2,2,0,2
2026-07-05T15:04:11.837Z,2026-07-05T15:06:09.520Z,本地新视频发现,success,处理 5 位，新增视频 1 条，跳过重复 0 条，错误 0 个。,7,20,15,0,instagramreels,0.0395,28,1,1,0,1
2026-07-05T15:02:42.309Z,2026-07-05T15:04:11.799Z,本地新视频发现,success,处理 5 位，新增视频 0 条，跳过重复 0 条，错误 0 个。,7,20,15,0,instagramreels,0.0224,16,0,0,0,0
2026-07-05T15:01:20.876Z,2026-07-05T15:02:42.269Z,本地新视频发现,success,处理 5 位，新增视频 1 条，跳过重复 0 条，错误 0 个。,7,20,15,0,instagramreels,0.004,5,1,1,0,1
2026-07-05T14:59:13.529Z,2026-07-05T15:01:20.836Z,本地新视频发现,success,处理 6 位，新增视频 0 条，跳过重复 0 条，错误 0 个。,7,20,15,0,instagramreels,0.0221,13,0,0,0,0
2026-07-05T14:57:47.727Z,2026-07-05T14:59:13.492Z,本地新视频发现,success,处理 6 位，新增视频 0 条，跳过重复 0 条，错误 0 个。,7,20,15,0,instagramreels,0.0372,22,0,0,0,0
2026-07-05T14:55:54.333Z,2026-07-05T14:57:47.692Z,本地新视频发现,success,处理 7 位，新增视频 0 条，跳过重复 0 条，错误 0 个。,7,20,15,0,instagramreels,0.0188,19,0,0,0,0
2026-07-05T14:53:23.600Z,2026-07-05T14:55:54.291Z,本地新视频发现,success,处理 5 位，新增视频 0 条，跳过重复 0 条，错误 0 个。,7,20,15,0,instagramreels,0.0487,31,0,0,0,0
2026-07-05T14:50:49.150Z,2026-07-05T14:53:23.561Z,本地新视频发现,success,处理 6 位，新增视频 2 条，跳过重复 2 条，错误 0 个。,7,20,15,0,instagramreels,0.0418,23,4,2,2,2
2026-07-05T14:49:30.751Z,2026-07-05T14:50:49.117Z,本地新视频发现,success,处理 6 位，新增视频 0 条，跳过重复 0 条，错误 0 个。,7,20,15,0,instagramreels,0.0099,14,0,0,0,0
2026-07-05T14:46:01.868Z,2026-07-05T14:49:30.729Z,本地新视频发现,success,处理 7 位，新增视频 3 条，跳过重复 3 条，错误 0 个。,7,20,15,0,instagramreels,0.0809,46,6,3,3,3
2026-07-05T14:42:56.823Z,2026-07-05T14:46:01.821Z,本地新视频发现,success,处理 9 位，新增视频 0 条，跳过重复 0 条，错误 0 个。,7,20,15,0,instagramreels,0.0172,21,0,0,0,0
2026-07-05T14:40:24.138Z,2026-07-05T14:41:39.841Z,本地新视频发现,success,处理 4 位，新增视频 0 条，跳过重复 0 条，错误 0 个。,7,20,14,0,youtubeshort,0.004,8,0,0,0,0
2026-07-05T14:37:54.093Z,2026-07-05T14:40:24.101Z,本地新视频发现,success,处理 5 位，新增视频 0 条，跳过重复 0 条，错误 0 个。,7,20,15,0,youtubeshort,0.016,11,0,0,0,0
2026-07-05T14:35:57.840Z,2026-07-05T14:37:54.048Z,本地新视频发现,success,处理 7 位，新增视频 0 条，跳过重复 0 条，错误 0 个。,7,20,15,0,youtubeshort,0.004,9,0,0,0,0
2026-07-05T14:35:02.515Z,2026-07-05T14:35:57.801Z,本地新视频发现,success,处理 5 位，新增视频 0 条，跳过重复 0 条，错误 0 个。,7,20,15,0,youtubeshort,0,5,0,0,0,0
2026-07-05T14:32:55.050Z,2026-07-05T14:35:02.482Z,本地新视频发现,success,处理 5 位，新增视频 0 条，跳过重复 0 条，错误 0 个。,7,20,15,0,youtubeshort,0.024,10,0,0,0,0
2026-07-05T14:30:59.058Z,2026-07-05T14:32:55.008Z,本地新视频发现,success,处理 5 位，新增视频 0 条，跳过重复 0 条，错误 0 个。,7,20,15,0,youtubeshort,0,5,0,0,0,0
2026-07-05T14:29:08.673Z,2026-07-05T14:30:59.013Z,本地新视频发现,success,处理 6 位，新增视频 2 条，跳过重复 0 条，错误 0 个。,7,20,15,0,youtubeshort,0.04,16,2,2,0,2
2026-07-05T14:26:30.679Z,2026-07-05T14:29:08.628Z,本地新视频发现,success,处理 5 位，新增视频 0 条，跳过重复 0 条，错误 0 个。,7,20,15,0,youtubeshort,0.104,32,0,0,0,0
2026-07-05T14:23:25.414Z,2026-07-05T14:26:30.661Z,本地新视频发现,success,处理 5 位，新增视频 0 条，跳过重复 0 条，错误 0 个。,7,20,15,0,youtubeshort,0.012,8,0,0,0,0
2026-07-05T14:22:34.272Z,2026-07-05T14:23:25.392Z,本地新视频发现,success,处理 5 位，新增视频 0 条，跳过重复 0 条，错误 0 个。,7,20,15,0,youtubeshort,0,5,0,0,0,0
2026-07-05T14:20:12.425Z,2026-07-05T14:22:34.232Z,本地新视频发现,success,处理 6 位，新增视频 0 条，跳过重复 0 条，错误 0 个。,7,20,15,0,youtubeshort,0,6,0,0,0,0
2026-07-05T14:16:15.548Z,2026-07-05T14:20:12.390Z,本地新视频发现,success,处理 7 位，新增视频 0 条，跳过重复 0 条，错误 0 个。,7,20,15,0,youtubeshort,0.04,16,0,0,0,0
2026-07-05T14:13:11.443Z,2026-07-05T14:16:15.525Z,本地新视频发现,success,处理 7 位，新增视频 0 条，跳过重复 0 条，错误 0 个。,7,20,15,0,youtubeshort,0.04,21,0,0,0,0
2026-07-05T14:10:37.710Z,2026-07-05T14:13:11.338Z,本地新视频发现,success,处理 5 位，新增视频 3 条，跳过重复 0 条，错误 0 个。,7,20,15,0,youtubeshort,0.016,9,3,3,0,3
2026-07-05T14:06:37.363Z,2026-07-05T14:10:37.671Z,本地新视频发现,success,处理 7 位，新增视频 4 条，跳过重复 4 条，错误 0 个。,7,20,15,0,youtubeshort,0.18,59,8,4,4,4
2026-07-05T14:03:26.848Z,2026-07-05T14:04:28.094Z,本地新视频发现,success,处理 4 位，新增视频 0 条，跳过重复 0 条，错误 0 个。,7,7,14,0,youtubevideo,0,4,0,0,0,0
2026-07-05T14:01:02.546Z,2026-07-05T14:03:26.810Z,本地新视频发现,success,处理 5 位，新增视频 0 条，跳过重复 0 条，错误 0 个。,7,7,15,0,youtubevideo,0,5,0,0,0,0
2026-07-05T13:59:37.058Z,2026-07-05T14:01:02.508Z,本地新视频发现,success,处理 5 位，新增视频 0 条，跳过重复 0 条，错误 0 个。,7,7,15,0,youtubevideo,0.003,5,0,0,0,0
2026-07-05T13:58:42.116Z,2026-07-05T13:59:37.018Z,本地新视频发现,success,处理 5 位，新增视频 1 条，跳过重复 0 条，错误 0 个。,7,7,15,0,youtubevideo,0.004,6,1,1,0,1
2026-07-05T13:57:49.898Z,2026-07-05T13:58:42.077Z,本地新视频发现,success,处理 5 位，新增视频 0 条，跳过重复 0 条，错误 0 个。,7,7,15,0,youtubevideo,0.004,6,0,0,0,0
2026-07-05T13:57:08.120Z,2026-07-05T13:57:49.861Z,本地新视频发现,success,处理 5 位，新增视频 0 条，跳过重复 0 条，错误 0 个。,7,7,15,0,youtubevideo,0,5,0,0,0,0
2026-07-05T13:55:30.932Z,2026-07-05T13:57:08.082Z,本地新视频发现,success,处理 5 位，新增视频 0 条，跳过重复 0 条，错误 0 个。,7,7,15,0,youtubevideo,0.004,6,0,0,0,0
2026-07-05T13:54:15.131Z,2026-07-05T13:55:30.895Z,本地新视频发现,success,处理 5 位，新增视频 0 条，跳过重复 0 条，错误 0 个。,7,7,15,0,youtubevideo,0,6,0,0,0,0
2026-07-05T13:53:09.823Z,2026-07-05T13:54:15.093Z,本地新视频发现,success,处理 6 位，新增视频 0 条，跳过重复 0 条，错误 0 个。,7,7,15,0,youtubevideo,0.008,8,0,0,0,0
2026-07-05T13:51:43.243Z,2026-07-05T13:53:09.784Z,本地新视频发现,success,处理 5 位，新增视频 0 条，跳过重复 0 条，错误 0 个。,7,7,15,0,youtubevideo,0,5,0,0,0,0
2026-07-05T13:50:36.638Z,2026-07-05T13:51:43.205Z,本地新视频发现,success,处理 5 位，新增视频 0 条，跳过重复 0 条，错误 0 个。,7,7,15,0,youtubevideo,0.008,7,0,0,0,0
2026-07-05T13:49:49.058Z,2026-07-05T13:50:36.596Z,本地新视频发现,success,处理 5 位，新增视频 0 条，跳过重复 0 条，错误 0 个。,7,7,15,0,youtubevideo,0.004,6,0,0,0,0
2026-07-05T13:48:57.614Z,2026-07-05T13:49:49.018Z,本地新视频发现,success,处理 5 位，新增视频 0 条，跳过重复 0 条，错误 0 个。,7,7,15,0,youtubevideo,0,5,0,0,0,0
2026-07-05T13:47:34.614Z,2026-07-05T13:48:57.577Z,本地新视频发现,success,处理 5 位，新增视频 0 条，跳过重复 0 条，错误 0 个。,7,7,15,0,youtubevideo,0.008,7,0,0,0,0
2026-07-05T13:46:12.442Z,2026-07-05T13:47:34.573Z,本地新视频发现,success,处理 7 位，新增视频 0 条，跳过重复 0 条，错误 0 个。,7,7,15,0,youtubevideo,0,7,0,0,0,0
2026-07-05T13:45:32.132Z,2026-07-05T13:46:12.403Z,本地新视频发现,success,处理 5 位，新增视频 0 条，跳过重复 0 条，错误 0 个。,7,7,15,0,youtubevideo,0,5,0,0,0,0
2026-07-05T13:44:46.695Z,2026-07-05T13:45:32.094Z,本地新视频发现,success,处理 5 位，新增视频 0 条，跳过重复 0 条，错误 0 个。,7,7,15,0,youtubevideo,0,5,0,0,0,0
2026-07-05T13:44:16.170Z,2026-07-05T13:44:46.659Z,本地新视频发现,success,处理 5 位，新增视频 0 条，跳过重复 0 条，错误 0 个。,7,7,15,0,youtubevideo,0,5,0,0,0,0
2026-07-05T13:42:16.631Z,2026-07-05T13:44:16.130Z,本地新视频发现,success,处理 9 位，新增视频 0 条，跳过重复 0 条，错误 0 个。,7,7,15,0,youtubevideo,0,9,0,0,0,0
2026-07-05T13:40:17.314Z,2026-07-05T13:42:16.589Z,本地新视频发现,success,处理 6 位，新增视频 2 条，跳过重复 2 条，错误 0 个。,7,7,15,0,youtubevideo,0.016,10,4,2,2,2
2026-06-29T05:23:05.383Z,2026-06-29T05:34:53.131Z,本地新视频发现,success,处理 27 位，新增视频 23 条，跳过重复 0 条，错误 0 个。,8,20,27,200,tiktok,1.286,540,23,23,0,23
2026-06-29T04:58:14.292Z,2026-06-29T05:23:02.848Z,本地新视频发现,success,处理 50 位，新增视频 18 条，跳过重复 12 条，错误 0 个。,8,20,50,150,tiktok,2.084,804,30,18,12,18
2026-06-29T04:35:59.769Z,2026-06-29T04:58:11.755Z,本地新视频发现,success,处理 50 位，新增视频 14 条，跳过重复 11 条，错误 0 个。,8,20,50,100,tiktok,2.095,884,25,14,11,14
2026-06-29T04:07:40.934Z,2026-06-29T04:35:57.274Z,本地新视频发现,partial,处理 50 位，新增视频 18 条，跳过重复 2 条，错误 1 个。,8,20,50,50,tiktok,2.287,853,20,18,2,18
2026-06-28T15:23:36.609Z,2026-06-28T15:35:39.313Z,本地新视频发现,success,处理 50 位，新增视频 27 条，跳过重复 0 条，错误 0 个。,8,30,50,0,tiktok,1.828,1402,27,27,0,27
2026-06-28T12:40:02.555Z,2026-06-28T15:18:51.048Z,本地新视频发现,success,处理 176 位，新增视频 3 条，跳过重复 0 条，错误 0 个。,8,30,176,0,instagramreels,0.7052,517,3,3,0,3
2026-06-28T11:34:35.892Z,2026-06-28T12:40:02.500Z,本地新视频发现,success,处理 139 位，新增视频 12 条，跳过重复 2 条，错误 0 个。,8,30,139,0,youtubeshort,0.959,390,14,12,2,12
2026-06-28T10:44:42.546Z,2026-06-28T11:34:35.816Z,本地新视频发现,success,处理 173 位，新增视频 11 条，跳过重复 2 条，错误 0 个。,8,30,173,0,youtubevideo,0.194,216,13,11,2,11
2026-06-21T23:39:44.164Z,2026-06-22T00:01:10.834Z,本地新视频发现,success,处理 88 位，新增视频 32 条，跳过重复 33 条，错误 0 个。,7,30,100,0,tiktok,2.664,2107,65,32,33,32
2026-06-21T23:38:58.756Z,2026-06-21T23:39:05.646Z,本地新视频发现,success,处理 1 位，新增视频 1 条，跳过重复 0 条，错误 0 个。,7,30,1,0,tiktok,0,30,1,1,0,1
2026-06-21T15:41:47.306Z,2026-06-21T16:12:20.504Z,本地新视频发现,partial,处理 217 位，新增视频 60 条，跳过重复 20 条，错误 70 个。,7,30,5000,0,tiktok,4.128,3876,80,60,20,60
2026-06-21T14:39:24.358Z,2026-06-21T15:41:19.490Z,本地新视频发现,partial,处理 182 位，新增视频 41 条，跳过重复 12 条，错误 1 个。,7,30,5000,0,instagramreels,0.6205,648,53,41,12,41
2026-06-21T13:35:51.495Z,2026-06-21T14:34:38.111Z,本地新视频发现,success,处理 151 位，新增视频 23 条，跳过重复 11 条，错误 0 个。,7,30,5000,0,youtubeshort,1.001,421,34,23,11,23
2026-06-21T12:55:31.986Z,2026-06-21T13:35:11.376Z,本地新视频发现,partial,处理 178 位，新增视频 8 条，跳过重复 6 条，错误 1 个。,7,30,5000,0,youtubevideo,0.119,218,14,8,6,8
2026-06-15T03:29:52.946Z,2026-06-15T03:30:29.634Z,本地新视频发现,success,处理 1 位，新增视频 0 条，跳过重复 0 条，错误 0 个。,9,50,1,0,tiktok,0.142,47,0,0,0,0
2026-06-15T03:29:34.351Z,2026-06-15T03:29:52.910Z,本地新视频发现,success,处理 1 位，新增视频 0 条，跳过重复 0 条，错误 0 个。,9,50,1,0,tiktok,0.151,50,0,0,0,0
2026-06-15T03:29:11.186Z,2026-06-15T03:29:34.318Z,本地新视频发现,success,处理 1 位，新增视频 1 条，跳过重复 0 条，错误 0 个。,9,50,1,0,tiktok,0.151,50,1,1,0,1
2026-06-15T03:28:58.065Z,2026-06-15T03:29:11.152Z,本地新视频发现,success,处理 1 位，新增视频 1 条，跳过重复 0 条，错误 0 个。,9,50,1,0,tiktok,0.151,50,1,1,0,1
2026-06-15T03:28:36.127Z,2026-06-15T03:28:58.031Z,本地新视频发现,success,处理 1 位，新增视频 2 条，跳过重复 1 条，错误 0 个。,9,50,1,0,tiktok,0.151,50,3,2,1,2
2026-06-15T03:28:27.579Z,2026-06-15T03:28:36.084Z,本地新视频发现,success,处理 1 位，新增视频 0 条，跳过重复 0 条，错误 0 个。,9,50,1,0,tiktok,0.091,50,0,0,0,0
2026-06-15T03:28:12.776Z,2026-06-15T03:28:27.557Z,本地新视频发现,success,处理 1 位，新增视频 0 条，跳过重复 0 条，错误 0 个。,9,50,1,0,tiktok,0.001,50,0,0,0,0
2026-06-15T03:28:01.266Z,2026-06-15T03:28:12.760Z,本地新视频发现,success,处理 1 位，新增视频 0 条，跳过重复 0 条，错误 0 个。,9,50,1,0,tiktok,0.151,50,0,0,0,0
2026-06-15T03:27:53.702Z,2026-06-15T03:28:01.240Z,本地新视频发现,success,处理 1 位，新增视频 0 条，跳过重复 0 条，错误 0 个。,9,50,1,0,tiktok,0.091,50,0,0,0,0
2026-06-15T03:27:44.214Z,2026-06-15T03:27:53.687Z,本地新视频发现,success,处理 1 位，新增视频 2 条，跳过重复 0 条，错误 0 个。,9,50,1,0,tiktok,0.001,50,2,2,0,2
2026-06-15T03:27:33.847Z,2026-06-15T03:27:44.181Z,本地新视频发现,success,处理 1 位，新增视频 0 条，跳过重复 0 条，错误 0 个。,9,50,1,0,tiktok,0.001,50,0,0,0,0
2026-06-15T03:27:20.531Z,2026-06-15T03:27:33.814Z,本地新视频发现,success,处理 1 位，新增视频 3 条，跳过重复 0 条，错误 0 个。,9,50,1,0,tiktok,0.151,50,3,3,0,3
2026-06-15T03:26:44.656Z,2026-06-15T03:27:20.510Z,本地新视频发现,success,处理 1 位，新增视频 0 条，跳过重复 0 条，错误 0 个。,9,50,1,0,tiktok,0.151,50,0,0,0,0
2026-06-15T03:26:31.257Z,2026-06-15T03:26:44.623Z,本地新视频发现,success,处理 1 位，新增视频 4 条，跳过重复 0 条，错误 0 个。,9,50,1,0,tiktok,0.091,50,4,4,0,4
2026-06-15T03:26:17.707Z,2026-06-15T03:26:31.233Z,本地新视频发现,success,处理 1 位，新增视频 4 条，跳过重复 1 条，错误 0 个。,9,50,1,0,tiktok,0.151,50,5,4,1,4
2026-06-15T03:26:03.150Z,2026-06-15T03:26:17.669Z,本地新视频发现,success,处理 1 位，新增视频 7 条，跳过重复 0 条，错误 0 个。,9,50,1,0,tiktok,0.151,50,7,7,0,7
2026-06-15T03:25:53.003Z,2026-06-15T03:26:03.115Z,本地新视频发现,success,处理 1 位，新增视频 10 条，跳过重复 0 条，错误 0 个。,9,50,1,0,tiktok,0,50,10,10,0,10
2026-06-15T03:25:36.553Z,2026-06-15T03:25:52.975Z,本地新视频发现,success,处理 1 位，新增视频 0 条，跳过重复 0 条，错误 0 个。,9,50,1,0,tiktok,0.082,50,0,0,0,0
2026-06-15T03:25:20.621Z,2026-06-15T03:25:36.535Z,本地新视频发现,success,处理 1 位，新增视频 3 条，跳过重复 1 条，错误 0 个。,9,50,1,0,tiktok,0.088,50,4,3,1,3
2026-06-15T03:24:44.377Z,2026-06-15T03:25:20.583Z,本地新视频发现,success,处理 1 位，新增视频 4 条，跳过重复 0 条，错误 0 个。,9,50,1,0,tiktok,0.151,50,4,4,0,4
2026-06-14T10:20:36.359Z,2026-06-14T10:20:36.637Z,本地新视频发现,failed,处理 1 位，新增视频 0 条，跳过重复 0 条，错误 1 个。,7,25,1,0,tiktok,0,0,0,0,0,0
2026-06-14T10:20:36.067Z,2026-06-14T10:20:36.334Z,本地新视频发现,failed,处理 1 位，新增视频 0 条，跳过重复 0 条，错误 1 个。,7,25,1,0,tiktok,0,0,0,0,0,0
2026-06-14T10:20:35.781Z,2026-06-14T10:20:36.040Z,本地新视频发现,failed,处理 1 位，新增视频 0 条，跳过重复 0 条，错误 1 个。,7,25,1,0,tiktok,0,0,0,0,0,0
2026-06-14T10:20:35.472Z,2026-06-14T10:20:35.747Z,本地新视频发现,failed,处理 1 位，新增视频 0 条，跳过重复 0 条，错误 1 个。,7,25,1,0,tiktok,0,0,0,0,0,0
2026-06-14T10:20:35.182Z,2026-06-14T10:20:35.445Z,本地新视频发现,failed,处理 1 位，新增视频 0 条，跳过重复 0 条，错误 1 个。,7,25,1,0,tiktok,0,0,0,0,0,0
2026-06-14T10:20:34.891Z,2026-06-14T10:20:35.157Z,本地新视频发现,failed,处理 1 位，新增视频 0 条，跳过重复 0 条，错误 1 个。,7,25,1,0,tiktok,0,0,0,0,0,0
2026-06-14T10:20:34.601Z,2026-06-14T10:20:34.864Z,本地新视频发现,failed,处理 1 位，新增视频 0 条，跳过重复 0 条，错误 1 个。,7,25,1,0,tiktok,0,0,0,0,0,0
2026-06-14T10:20:34.297Z,2026-06-14T10:20:34.576Z,本地新视频发现,failed,处理 1 位，新增视频 0 条，跳过重复 0 条，错误 1 个。,7,25,1,0,tiktok,0,0,0,0,0,0
2026-06-14T10:20:34.011Z,2026-06-14T10:20:34.270Z,本地新视频发现,failed,处理 1 位，新增视频 0 条，跳过重复 0 条，错误 1 个。,7,25,1,0,tiktok,0,0,0,0,0,0
2026-06-14T10:20:33.721Z,2026-06-14T10:20:33.987Z,本地新视频发现,failed,处理 1 位，新增视频 0 条，跳过重复 0 条，错误 1 个。,7,25,1,0,tiktok,0,0,0,0,0,0
2026-06-14T10:20:33.432Z,2026-06-14T10:20:33.695Z,本地新视频发现,failed,处理 1 位，新增视频 0 条，跳过重复 0 条，错误 1 个。,7,25,1,0,tiktok,0,0,0,0,0,0